transaction_id,timestamp,date,hour,pos_terminal_id,cashier_id,product_id,sku,product_name,category,quantity,unit_sell_price,line_total,payment_method
T1040,2024-05-08 08:14:43,2024-05-08,08:00,POS-2,C003,P040,TEA-BOTTLE,Iced Tea Bottle,Beverage,3,23.35,70.05,Card
T1000,2024-05-08 08:24:16,2024-05-08,08:00,POS-2,C001,P008,BREAD-WHT,White Bread,Grocery,3,3.30,9.90,Cash
T1000,2024-05-08 08:24:16,2024-05-08,08:00,POS-1,C001,P025,TUNA,Tuna Can,Grocery,1,11.46,11.46,Card
T1000,2024-05-08 08:24:16,2024-05-08,08:00,POS-2,C001,P026,ICECREAM,Ice Cream Pint,Frozen,3,8.55,25.65,Card
T1000,2024-05-08 08:24:16,2024-05-08,08:00,POS-2,C003,P029,BACON,Bacon Pack,Meat,2,2.13,4.26,Cash
T1006,2024-05-08 08:49:08,2024-05-08,08:00,POS-1,C001,P003,EGG-12CT,Eggs 12ct,Grocery,2,37.39,74.78,Card
T1006,2024-05-08 08:49:08,2024-05-08,08:00,POS-1,C003,P015,ORANGE-JUICE,Orange Juice,Beverage,3,4.16,12.48,Card
T1006,2024-05-08 08:49:08,2024-05-08,08:00,POS-1,C002,P025,TUNA,Tuna Can,Grocery,1,11.46,11.46,Cash
T1011,2024-05-08 08:59:51,2024-05-08,08:00,POS-2,C003,P011,DORITOS,Doritos Nacho Cheese,Snacks,3,44.82,134.46,Apple Pay
T1011,2024-05-08 08:59:51,2024-05-08,08:00,POS-1,C003,P001,RB-24CT,Red Bull 24ct,Energy Drink,3,44.81,134.43,Apple Pay
T1038,2024-05-08 09:14:59,2024-05-08,09:00,POS-2,C001,P029,BACON,Bacon Pack,Meat,1,2.13,2.13,Cash
T1038,2024-05-08 09:14:59,2024-05-08,09:00,POS-1,C002,P022,PASTA,Pasta Box,Grocery,3,6.70,20.10,Cash
T1038,2024-05-08 09:14:59,2024-05-08,09:00,POS-1,C001,P023,SAUCE,Tomato Sauce Jar,Grocery,1,8.57,8.57,Apple Pay
T1015,2024-05-08 09:15:58,2024-05-08,09:00,POS-2,C002,P015,ORANGE-JUICE,Orange Juice,Beverage,2,4.16,8.32,EBT
T1007,2024-05-08 09:23:57,2024-05-08,09:00,POS-1,C003,P036,ENERGY-BAR,Protein Bar,Candy,1,42.75,42.75,Card
T1021,2024-05-08 09:24:20,2024-05-08,09:00,POS-2,C002,P015,ORANGE-JUICE,Orange Juice,Beverage,2,4.16,8.32,Apple Pay
T1021,2024-05-08 09:24:20,2024-05-08,09:00,POS-2,C001,P010,CHOC-BAR,Chocolate Bar,Candy,1,27.61,27.61,Card
T1001,2024-05-08 09:32:05,2024-05-08,09:00,POS-2,C001,P001,RB-24CT,Red Bull 24ct,Energy Drink,1,44.81,44.81,Cash
T1001,2024-05-08 09:32:05,2024-05-08,09:00,POS-1,C003,P001,RB-24CT,Red Bull 24ct,Energy Drink,2,44.81,89.62,Card
T1026,2024-05-08 09:41:21,2024-05-08,09:00,POS-1,C002,P034,ADVIL,Pain Reliever,Pharmacy,2,5.77,11.54,Apple Pay
T1031,2024-05-08 10:12:20,2024-05-08,10:00,POS-1,C001,P026,ICECREAM,Ice Cream Pint,Frozen,3,8.55,25.65,Cash
T1003,2024-05-08 10:13:32,2024-05-08,10:00,POS-2,C002,P002,COKE-12OZ,Coca-Cola 12oz,Beverage,1,24.42,24.42,Cash
T1003,2024-05-08 10:13:32,2024-05-08,10:00,POS-2,C003,P011,DORITOS,Doritos Nacho Cheese,Snacks,2,44.82,89.64,Card
T1003,2024-05-08 10:13:32,2024-05-08,10:00,POS-2,C003,P001,RB-24CT,Red Bull 24ct,Energy Drink,3,44.81,134.43,Card
T1025,2024-05-08 10:44:53,2024-05-08,10:00,POS-1,C003,P002,COKE-12OZ,Coca-Cola 12oz,Beverage,3,24.42,73.26,Card
T1025,2024-05-08 10:44:53,2024-05-08,10:00,POS-2,C003,P028,HOTDOG,Hot Dog Pack,Meat,1,8.92,8.92,Apple Pay
T1023,2024-05-08 11:01:39,2024-05-08,11:00,POS-1,C002,P005,MILK-GAL,Milk Gallon,Dairy,1,4.49,4.49,Apple Pay
T1023,2024-05-08 11:01:39,2024-05-08,11:00,POS-1,C003,P016,YOGURT,Greek Yogurt Cup,Dairy,1,26.09,26.09,Card
T1014,2024-05-08 11:02:15,2024-05-08,11:00,POS-1,C003,P022,PASTA,Pasta Box,Grocery,2,6.70,13.40,EBT
T1014,2024-05-08 11:02:15,2024-05-08,11:00,POS-2,C001,P027,FROZEN-PIZZA,Frozen Pizza,Frozen,2,3.48,6.96,Cash
T1014,2024-05-08 11:02:15,2024-05-08,11:00,POS-1,C001,P015,ORANGE-JUICE,Orange Juice,Beverage,3,4.16,12.48,EBT
T1014,2024-05-08 11:02:15,2024-05-08,11:00,POS-1,C003,P035,BATTERY-AA,AA Batteries,Electronics,1,33.84,33.84,EBT
T1009,2024-05-08 11:58:29,2024-05-08,11:00,POS-1,C002,P008,BREAD-WHT,White Bread,Grocery,1,3.30,3.30,Apple Pay
T1009,2024-05-08 11:58:29,2024-05-08,11:00,POS-1,C002,P029,BACON,Bacon Pack,Meat,1,2.13,2.13,Apple Pay
T1009,2024-05-08 11:58:29,2024-05-08,11:00,POS-2,C003,P005,MILK-GAL,Milk Gallon,Dairy,3,4.49,13.47,Apple Pay
T1017,2024-05-08 12:04:45,2024-05-08,12:00,POS-1,C001,P005,MILK-GAL,Milk Gallon,Dairy,1,4.49,4.49,Cash
T1017,2024-05-08 12:04:45,2024-05-08,12:00,POS-1,C003,P010,CHOC-BAR,Chocolate Bar,Candy,2,27.61,55.22,Cash
T1017,2024-05-08 12:04:45,2024-05-08,12:00,POS-2,C002,P035,BATTERY-AA,AA Batteries,Electronics,1,33.84,33.84,Apple Pay
T1043,2024-05-08 12:08:59,2024-05-08,12:00,POS-1,C003,P015,ORANGE-JUICE,Orange Juice,Beverage,3,4.16,12.48,Cash
T1043,2024-05-08 12:08:59,2024-05-08,12:00,POS-1,C003,P025,TUNA,Tuna Can,Grocery,1,11.46,11.46,EBT
T1043,2024-05-08 12:08:59,2024-05-08,12:00,POS-1,C001,P002,COKE-12OZ,Coca-Cola 12oz,Beverage,1,24.42,24.42,EBT
T1028,2024-05-08 13:15:53,2024-05-08,13:00,POS-1,C002,P007,SPARK-WATER,Sparkling Water Variety Pack,Beverage,2,5.99,11.98,EBT
T1029,2024-05-08 13:31:54,2024-05-08,13:00,POS-2,C003,P003,EGG-12CT,Eggs 12ct,Grocery,1,37.39,37.39,Apple Pay
T1029,2024-05-08 13:31:54,2024-05-08,13:00,POS-1,C003,P004,SBUX-FRAP,Starbucks Frappuccino,Beverage,2,42.69,85.38,Cash
T1029,2024-05-08 13:31:54,2024-05-08,13:00,POS-1,C003,P030,SOAP,Dish Soap,Household,1,12.33,12.33,EBT
T1008,2024-05-08 13:35:56,2024-05-08,13:00,POS-1,C002,P040,TEA-BOTTLE,Iced Tea Bottle,Beverage,1,23.35,23.35,Card
T1008,2024-05-08 13:35:56,2024-05-08,13:00,POS-2,C002,P026,ICECREAM,Ice Cream Pint,Frozen,1,8.55,8.55,Cash
T1008,2024-05-08 13:35:56,2024-05-08,13:00,POS-1,C003,P037,CEREAL,Cereal Box,Grocery,1,7.72,7.72,Card
T1008,2024-05-08 13:35:56,2024-05-08,13:00,POS-1,C002,P005,MILK-GAL,Milk Gallon,Dairy,2,4.49,8.98,Cash
T1034,2024-05-08 14:11:03,2024-05-08,14:00,POS-2,C001,P038,ALMONDS,Blue Diamond Almonds,Snacks,2,25.38,50.76,Card
T1034,2024-05-08 14:11:03,2024-05-08,14:00,POS-1,C003,P016,YOGURT,Greek Yogurt Cup,Dairy,1,26.09,26.09,Apple Pay
T1034,2024-05-08 14:11:03,2024-05-08,14:00,POS-1,C001,P032,TOILET-PAPER,Toilet Paper 12pk,Household,1,18.40,18.40,EBT
T1042,2024-05-08 14:20:16,2024-05-08,14:00,POS-2,C002,P002,COKE-12OZ,Coca-Cola 12oz,Beverage,1,24.42,24.42,Card
T1042,2024-05-08 14:20:16,2024-05-08,14:00,POS-2,C003,P028,HOTDOG,Hot Dog Pack,Meat,1,8.92,8.92,EBT
T1042,2024-05-08 14:20:16,2024-05-08,14:00,POS-2,C001,P034,ADVIL,Pain Reliever,Pharmacy,3,5.77,17.31,Cash
T1002,2024-05-08 14:37:36,2024-05-08,14:00,POS-2,C002,P037,CEREAL,Cereal Box,Grocery,1,7.72,7.72,Cash
T1002,2024-05-08 14:37:36,2024-05-08,14:00,POS-2,C002,P003,EGG-12CT,Eggs 12ct,Grocery,3,37.39,112.17,Apple Pay
T1002,2024-05-08 14:37:36,2024-05-08,14:00,POS-1,C002,P026,ICECREAM,Ice Cream Pint,Frozen,1,8.55,8.55,Card
T1012,2024-05-08 14:42:26,2024-05-08,14:00,POS-2,C003,P013,WATER-24PK,Bottled Water 24pk,Beverage,2,17.29,34.58,Cash
T1012,2024-05-08 14:42:26,2024-05-08,14:00,POS-2,C002,P008,BREAD-WHT,White Bread,Grocery,2,3.30,6.60,Card
T1012,2024-05-08 14:42:26,2024-05-08,14:00,POS-2,C001,P002,COKE-12OZ,Coca-Cola 12oz,Beverage,1,24.42,24.42,EBT
T1030,2024-05-08 14:48:15,2024-05-08,14:00,POS-2,C003,P023,SAUCE,Tomato Sauce Jar,Grocery,1,8.57,8.57,Cash
T1030,2024-05-08 14:48:15,2024-05-08,14:00,POS-2,C002,P016,YOGURT,Greek Yogurt Cup,Dairy,1,26.09,26.09,Apple Pay
T1030,2024-05-08 14:48:15,2024-05-08,14:00,POS-2,C002,P029,BACON,Bacon Pack,Meat,2,2.13,4.26,EBT
T1030,2024-05-08 14:48:15,2024-05-08,14:00,POS-2,C002,P002,COKE-12OZ,Coca-Cola 12oz,Beverage,1,24.42,24.42,Cash
T1018,2024-05-08 15:26:03,2024-05-08,15:00,POS-1,C003,P034,ADVIL,Pain Reliever,Pharmacy,2,5.77,11.54,EBT
T1018,2024-05-08 15:26:03,2024-05-08,15:00,POS-1,C002,P012,LAY-CLASSIC,Lay's Classic Chips,Snacks,2,18.81,37.62,Apple Pay
T1005,2024-05-08 15:45:21,2024-05-08,15:00,POS-2,C002,P025,TUNA,Tuna Can,Grocery,2,11.46,22.92,Card
T1005,2024-05-08 15:45:21,2024-05-08,15:00,POS-2,C002,P034,ADVIL,Pain Reliever,Pharmacy,1,5.77,5.77,Card
T1035,2024-05-08 15:50:39,2024-05-08,15:00,POS-2,C003,P028,HOTDOG,Hot Dog Pack,Meat,2,8.92,17.84,EBT
T1035,2024-05-08 15:50:39,2024-05-08,15:00,POS-1,C003,P012,LAY-CLASSIC,Lay's Classic Chips,Snacks,1,18.81,18.81,Card
T1039,2024-05-08 15:52:36,2024-05-08,15:00,POS-2,C003,P015,ORANGE-JUICE,Orange Juice,Beverage,2,4.16,8.32,EBT
T1039,2024-05-08 15:52:36,2024-05-08,15:00,POS-1,C003,P016,YOGURT,Greek Yogurt Cup,Dairy,2,26.09,52.18,Card
T1039,2024-05-08 15:52:36,2024-05-08,15:00,POS-2,C003,P008,BREAD-WHT,White Bread,Grocery,2,3.30,6.60,Apple Pay
T1027,2024-05-08 15:53:29,2024-05-08,15:00,POS-2,C003,P015,ORANGE-JUICE,Orange Juice,Beverage,3,4.16,12.48,EBT
T1027,2024-05-08 15:53:29,2024-05-08,15:00,POS-2,C003,P026,ICECREAM,Ice Cream Pint,Frozen,2,8.55,17.10,Apple Pay
T1037,2024-05-08 16:30:18,2024-05-08,16:00,POS-2,C003,P005,MILK-GAL,Milk Gallon,Dairy,3,4.49,13.47,EBT
T1033,2024-05-08 16:48:31,2024-05-08,16:00,POS-2,C002,P035,BATTERY-AA,AA Batteries,Electronics,2,33.84,67.68,EBT
T1024,2024-05-08 17:10:19,2024-05-08,17:00,POS-2,C002,P020,SUGAR,Sugar 4lb,Grocery,1,5.28,5.28,Cash
T1041,2024-05-08 17:11:30,2024-05-08,17:00,POS-1,C002,P037,CEREAL,Cereal Box,Grocery,2,7.72,15.44,Apple Pay
T1041,2024-05-08 17:11:30,2024-05-08,17:00,POS-2,C002,P003,EGG-12CT,Eggs 12ct,Grocery,2,37.39,74.78,Card
T1041,2024-05-08 17:11:30,2024-05-08,17:00,POS-2,C002,P021,RICE,Jasmine Rice 5lb,Grocery,1,1.17,1.17,EBT
T1041,2024-05-08 17:11:30,2024-05-08,17:00,POS-2,C003,P022,PASTA,Pasta Box,Grocery,1,6.70,6.70,Card
T1032,2024-05-08 17:17:46,2024-05-08,17:00,POS-1,C002,P040,TEA-BOTTLE,Iced Tea Bottle,Beverage,1,23.35,23.35,Card
T1032,2024-05-08 17:17:46,2024-05-08,17:00,POS-1,C002,P034,ADVIL,Pain Reliever,Pharmacy,3,5.77,17.31,Card
T1032,2024-05-08 17:17:46,2024-05-08,17:00,POS-2,C003,P008,BREAD-WHT,White Bread,Grocery,1,3.30,3.30,Cash
T1013,2024-05-08 17:38:41,2024-05-08,17:00,POS-1,C003,P016,YOGURT,Greek Yogurt Cup,Dairy,2,26.09,52.18,Card
T1013,2024-05-08 17:38:41,2024-05-08,17:00,POS-2,C001,P015,ORANGE-JUICE,Orange Juice,Beverage,1,4.16,4.16,Cash
T1013,2024-05-08 17:38:41,2024-05-08,17:00,POS-2,C001,P004,SBUX-FRAP,Starbucks Frappuccino,Beverage,3,42.69,128.07,Cash
T1019,2024-05-08 17:54:57,2024-05-08,17:00,POS-1,C002,P019,COFFEE-CAN,Ground Coffee,Grocery,2,5.00,10.00,EBT
T1019,2024-05-08 17:54:57,2024-05-08,17:00,POS-1,C002,P026,ICECREAM,Ice Cream Pint,Frozen,2,8.55,17.10,Apple Pay
T1019,2024-05-08 17:54:57,2024-05-08,17:00,POS-2,C003,P030,SOAP,Dish Soap,Household,3,12.33,36.99,Cash
T1019,2024-05-08 17:54:57,2024-05-08,17:00,POS-1,C003,P036,ENERGY-BAR,Protein Bar,Candy,2,42.75,85.50,Card
T1016,2024-05-08 18:35:28,2024-05-08,18:00,POS-1,C003,P026,ICECREAM,Ice Cream Pint,Frozen,1,8.55,8.55,Apple Pay
T1016,2024-05-08 18:35:28,2024-05-08,18:00,POS-2,C003,P016,YOGURT,Greek Yogurt Cup,Dairy,2,26.09,52.18,Cash
T1020,2024-05-08 19:37:36,2024-05-08,19:00,POS-1,C002,P002,COKE-12OZ,Coca-Cola 12oz,Beverage,2,24.42,48.84,Cash
T1010,2024-05-08 20:07:56,2024-05-08,20:00,POS-2,C002,P003,EGG-12CT,Eggs 12ct,Grocery,1,37.39,37.39,Apple Pay
T1010,2024-05-08 20:07:56,2024-05-08,20:00,POS-1,C002,P038,ALMONDS,Blue Diamond Almonds,Snacks,2,25.38,50.76,Cash
T1010,2024-05-08 20:07:56,2024-05-08,20:00,POS-1,C003,P005,MILK-GAL,Milk Gallon,Dairy,1,4.49,4.49,EBT
T1004,2024-05-08 20:08:16,2024-05-08,20:00,POS-1,C002,P035,BATTERY-AA,AA Batteries,Electronics,3,33.84,101.52,Apple Pay
T1036,2024-05-08 20:13:40,2024-05-08,20:00,POS-1,C003,P005,MILK-GAL,Milk Gallon,Dairy,1,4.49,4.49,Card
T1036,2024-05-08 20:13:40,2024-05-08,20:00,POS-1,C002,P002,COKE-12OZ,Coca-Cola 12oz,Beverage,1,24.42,24.42,EBT
T1022,2024-05-08 21:22:14,2024-05-08,21:00,POS-1,C001,P029,BACON,Bacon Pack,Meat,3,2.13,6.39,Cash
T1062,2024-05-09 08:16:03,2024-05-09,08:00,POS-1,C002,P026,ICECREAM,Ice Cream Pint,Frozen,3,8.55,25.65,EBT
T1062,2024-05-09 08:16:03,2024-05-09,08:00,POS-1,C002,P018,CHEESE,Cheddar Cheese Block,Dairy,1,10.18,10.18,Cash
T1051,2024-05-09 08:53:42,2024-05-09,08:00,POS-2,C002,P006,KETTLE-CHIPS,Kettle Chips Sea Salt,Snacks,1,2.49,2.49,Cash
T1051,2024-05-09 08:53:42,2024-05-09,08:00,POS-2,C001,P019,COFFEE-CAN,Ground Coffee,Grocery,2,5.00,10.00,Cash
T1051,2024-05-09 08:53:42,2024-05-09,08:00,POS-2,C003,P025,TUNA,Tuna Can,Grocery,2,11.46,22.92,Cash
T1051,2024-05-09 08:53:42,2024-05-09,08:00,POS-1,C003,P026,ICECREAM,Ice Cream Pint,Frozen,3,8.55,25.65,Card
T1058,2024-05-09 09:17:12,2024-05-09,09:00,POS-1,C003,P038,ALMONDS,Blue Diamond Almonds,Snacks,2,25.38,50.76,Cash
T1078,2024-05-09 09:45:28,2024-05-09,09:00,POS-2,C002,P018,CHEESE,Cheddar Cheese Block,Dairy,2,10.18,20.36,Card
T1078,2024-05-09 09:45:28,2024-05-09,09:00,POS-2,C001,P022,PASTA,Pasta Box,Grocery,3,6.70,20.10,Apple Pay
T1078,2024-05-09 09:45:28,2024-05-09,09:00,POS-2,C002,P011,DORITOS,Doritos Nacho Cheese,Snacks,1,44.82,44.82,Apple Pay
T1078,2024-05-09 09:45:28,2024-05-09,09:00,POS-1,C002,P037,CEREAL,Cereal Box,Grocery,3,7.72,23.16,Card
T1060,2024-05-09 09:48:35,2024-05-09,09:00,POS-2,C001,P021,RICE,Jasmine Rice 5lb,Grocery,1,1.17,1.17,Card
T1060,2024-05-09 09:48:35,2024-05-09,09:00,POS-1,C001,P031,PAPER-TOWEL,Paper Towels,Household,1,7.15,7.15,Apple Pay
T1076,2024-05-09 09:53:18,2024-05-09,09:00,POS-2,C002,P023,SAUCE,Tomato Sauce Jar,Grocery,1,8.57,8.57,Card
T1050,2024-05-09 10:22:37,2024-05-09,10:00,POS-1,C002,P022,PASTA,Pasta Box,Grocery,1,6.70,6.70,EBT
T1050,2024-05-09 10:22:37,2024-05-09,10:00,POS-1,C002,P015,ORANGE-JUICE,Orange Juice,Beverage,1,4.16,4.16,Apple Pay
T1050,2024-05-09 10:22:37,2024-05-09,10:00,POS-2,C003,P005,MILK-GAL,Milk Gallon,Dairy,2,4.49,8.98,Apple Pay
T1064,2024-05-09 12:40:37,2024-05-09,12:00,POS-2,C001,P012,LAY-CLASSIC,Lay's Classic Chips,Snacks,2,18.81,37.62,Card
T1064,2024-05-09 12:40:37,2024-05-09,12:00,POS-1,C002,P021,RICE,Jasmine Rice 5lb,Grocery,3,1.17,3.51,EBT
T1064,2024-05-09 12:40:37,2024-05-09,12:00,POS-2,C002,P008,BREAD-WHT,White Bread,Grocery,1,3.30,3.30,EBT
T1070,2024-05-09 12:42:27,2024-05-09,12:00,POS-2,C001,P021,RICE,Jasmine Rice 5lb,Grocery,1,1.17,1.17,Apple Pay
T1070,2024-05-09 12:42:27,2024-05-09,12:00,POS-2,C003,P014,GATORADE,Gatorade 20oz,Beverage,3,30.95,92.85,Apple Pay
T1070,2024-05-09 12:42:27,2024-05-09,12:00,POS-1,C002,P004,SBUX-FRAP,Starbucks Frappuccino,Beverage,1,42.69,42.69,Card
T1070,2024-05-09 12:42:27,2024-05-09,12:00,POS-1,C002,P017,BUTTER,Butter Sticks,Dairy,1,42.18,42.18,Cash
T1049,2024-05-09 13:09:15,2024-05-09,13:00,POS-1,C002,P019,COFFEE-CAN,Ground Coffee,Grocery,2,5.00,10.00,Cash
T1049,2024-05-09 13:09:15,2024-05-09,13:00,POS-2,C003,P029,BACON,Bacon Pack,Meat,1,2.13,2.13,Apple Pay
T1049,2024-05-09 13:09:15,2024-05-09,13:00,POS-2,C003,P003,EGG-12CT,Eggs 12ct,Grocery,2,37.39,74.78,Card
T1049,2024-05-09 13:09:15,2024-05-09,13:00,POS-2,C003,P001,RB-24CT,Red Bull 24ct,Energy Drink,2,44.81,89.62,Cash
T1052,2024-05-09 13:28:02,2024-05-09,13:00,POS-2,C001,P026,ICECREAM,Ice Cream Pint,Frozen,3,8.55,25.65,Cash
T1052,2024-05-09 13:28:02,2024-05-09,13:00,POS-2,C003,P002,COKE-12OZ,Coca-Cola 12oz,Beverage,1,24.42,24.42,Apple Pay
T1052,2024-05-09 13:28:02,2024-05-09,13:00,POS-2,C002,P008,BREAD-WHT,White Bread,Grocery,1,3.30,3.30,Apple Pay
T1069,2024-05-09 13:29:21,2024-05-09,13:00,POS-1,C001,P011,DORITOS,Doritos Nacho Cheese,Snacks,2,44.82,89.64,Cash
T1069,2024-05-09 13:29:21,2024-05-09,13:00,POS-1,C003,P026,ICECREAM,Ice Cream Pint,Frozen,1,8.55,8.55,Card
T1056,2024-05-09 13:31:07,2024-05-09,13:00,POS-1,C002,P005,MILK-GAL,Milk Gallon,Dairy,2,4.49,8.98,EBT
T1067,2024-05-09 13:35:23,2024-05-09,13:00,POS-1,C002,P027,FROZEN-PIZZA,Frozen Pizza,Frozen,2,3.48,6.96,Card
T1065,2024-05-09 13:46:06,2024-05-09,13:00,POS-2,C001,P015,ORANGE-JUICE,Orange Juice,Beverage,1,4.16,4.16,Card
T1065,2024-05-09 13:46:06,2024-05-09,13:00,POS-1,C002,P024,SOUP,Chicken Soup Can,Grocery,1,3.37,3.37,Card
T1065,2024-05-09 13:46:06,2024-05-09,13:00,POS-2,C001,P012,LAY-CLASSIC,Lay's Classic Chips,Snacks,3,18.81,56.43,Card
T1057,2024-05-09 13:47:44,2024-05-09,13:00,POS-2,C002,P021,RICE,Jasmine Rice 5lb,Grocery,2,1.17,2.34,Card
T1057,2024-05-09 13:47:44,2024-05-09,13:00,POS-2,C001,P026,ICECREAM,Ice Cream Pint,Frozen,3,8.55,25.65,EBT
T1057,2024-05-09 13:47:44,2024-05-09,13:00,POS-1,C002,P035,BATTERY-AA,AA Batteries,Electronics,2,33.84,67.68,Card
T1057,2024-05-09 13:47:44,2024-05-09,13:00,POS-2,C003,P023,SAUCE,Tomato Sauce Jar,Grocery,3,8.57,25.71,Apple Pay
T1072,2024-05-09 14:04:55,2024-05-09,14:00,POS-2,C001,P020,SUGAR,Sugar 4lb,Grocery,2,5.28,10.56,EBT
T1072,2024-05-09 14:04:55,2024-05-09,14:00,POS-2,C001,P020,SUGAR,Sugar 4lb,Grocery,1,5.28,5.28,EBT
T1072,2024-05-09 14:04:55,2024-05-09,14:00,POS-2,C001,P025,TUNA,Tuna Can,Grocery,3,11.46,34.38,EBT
T1077,2024-05-09 14:51:36,2024-05-09,14:00,POS-1,C002,P009,BANANA-LB,Bananas,Produce,1,4.18,4.18,Card
T1077,2024-05-09 14:51:36,2024-05-09,14:00,POS-1,C003,P016,YOGURT,Greek Yogurt Cup,Dairy,1,26.09,26.09,Cash
T1048,2024-05-09 15:15:40,2024-05-09,15:00,POS-1,C002,P040,TEA-BOTTLE,Iced Tea Bottle,Beverage,1,23.35,23.35,Cash
T1048,2024-05-09 15:15:40,2024-05-09,15:00,POS-2,C001,P026,ICECREAM,Ice Cream Pint,Frozen,3,8.55,25.65,Card
T1048,2024-05-09 15:15:40,2024-05-09,15:00,POS-1,C002,P015,ORANGE-JUICE,Orange Juice,Beverage,1,4.16,4.16,Apple Pay
T1046,2024-05-09 15:22:21,2024-05-09,15:00,POS-2,C001,P015,ORANGE-JUICE,Orange Juice,Beverage,2,4.16,8.32,EBT
T1046,2024-05-09 15:22:21,2024-05-09,15:00,POS-2,C003,P009,BANANA-LB,Bananas,Produce,1,4.18,4.18,EBT
T1046,2024-05-09 15:22:21,2024-05-09,15:00,POS-2,C002,P003,EGG-12CT,Eggs 12ct,Grocery,3,37.39,112.17,Cash
T1046,2024-05-09 15:22:21,2024-05-09,15:00,POS-1,C001,P025,TUNA,Tuna Can,Grocery,2,11.46,22.92,Apple Pay
T1055,2024-05-09 15:35:20,2024-05-09,15:00,POS-2,C003,P023,SAUCE,Tomato Sauce Jar,Grocery,2,8.57,17.14,EBT
T1055,2024-05-09 15:35:20,2024-05-09,15:00,POS-1,C001,P022,PASTA,Pasta Box,Grocery,1,6.70,6.70,Card
T1066,2024-05-09 15:35:35,2024-05-09,15:00,POS-1,C002,P024,SOUP,Chicken Soup Can,Grocery,2,3.37,6.74,Apple Pay
T1066,2024-05-09 15:35:35,2024-05-09,15:00,POS-1,C003,P014,GATORADE,Gatorade 20oz,Beverage,1,30.95,30.95,Cash
T1066,2024-05-09 15:35:35,2024-05-09,15:00,POS-2,C001,P035,BATTERY-AA,AA Batteries,Electronics,1,33.84,33.84,Card
T1068,2024-05-09 15:42:53,2024-05-09,15:00,POS-2,C001,P001,RB-24CT,Red Bull 24ct,Energy Drink,1,44.81,44.81,Cash
T1068,2024-05-09 15:42:53,2024-05-09,15:00,POS-2,C001,P006,KETTLE-CHIPS,Kettle Chips Sea Salt,Snacks,1,2.49,2.49,Cash
T1068,2024-05-09 15:42:53,2024-05-09,15:00,POS-1,C001,P027,FROZEN-PIZZA,Frozen Pizza,Frozen,3,3.48,10.44,Cash
T1074,2024-05-09 15:48:48,2024-05-09,15:00,POS-2,C002,P003,EGG-12CT,Eggs 12ct,Grocery,3,37.39,112.17,EBT
T1044,2024-05-09 16:09:31,2024-05-09,16:00,POS-1,C002,P017,BUTTER,Butter Sticks,Dairy,2,42.18,84.36,Cash
T1044,2024-05-09 16:09:31,2024-05-09,16:00,POS-1,C003,P006,KETTLE-CHIPS,Kettle Chips Sea Salt,Snacks,2,2.49,4.98,Cash
T1044,2024-05-09 16:09:31,2024-05-09,16:00,POS-2,C002,P034,ADVIL,Pain Reliever,Pharmacy,1,5.77,5.77,Apple Pay
T1059,2024-05-09 16:38:01,2024-05-09,16:00,POS-1,C003,P029,BACON,Bacon Pack,Meat,1,2.13,2.13,Cash
T1075,2024-05-09 16:56:36,2024-05-09,16:00,POS-2,C002,P034,ADVIL,Pain Reliever,Pharmacy,1,5.77,5.77,Apple Pay
T1075,2024-05-09 16:56:36,2024-05-09,16:00,POS-1,C002,P022,PASTA,Pasta Box,Grocery,1,6.70,6.70,Card
T1075,2024-05-09 16:56:36,2024-05-09,16:00,POS-2,C002,P003,EGG-12CT,Eggs 12ct,Grocery,1,37.39,37.39,Card
T1061,2024-05-09 17:07:42,2024-05-09,17:00,POS-1,C003,P002,COKE-12OZ,Coca-Cola 12oz,Beverage,1,24.42,24.42,Apple Pay
T1053,2024-05-09 17:21:51,2024-05-09,17:00,POS-1,C001,P016,YOGURT,Greek Yogurt Cup,Dairy,1,26.09,26.09,EBT
T1071,2024-05-09 17:48:16,2024-05-09,17:00,POS-1,C002,P009,BANANA-LB,Bananas,Produce,1,4.18,4.18,Cash
T1071,2024-05-09 17:48:16,2024-05-09,17:00,POS-2,C001,P001,RB-24CT,Red Bull 24ct,Energy Drink,2,44.81,89.62,EBT
T1071,2024-05-09 17:48:16,2024-05-09,17:00,POS-1,C002,P026,ICECREAM,Ice Cream Pint,Frozen,3,8.55,25.65,Card
T1073,2024-05-09 18:15:27,2024-05-09,18:00,POS-1,C001,P018,CHEESE,Cheddar Cheese Block,Dairy,1,10.18,10.18,Card
T1073,2024-05-09 18:15:27,2024-05-09,18:00,POS-1,C002,P012,LAY-CLASSIC,Lay's Classic Chips,Snacks,2,18.81,37.62,Apple Pay
T1073,2024-05-09 18:15:27,2024-05-09,18:00,POS-1,C001,P008,BREAD-WHT,White Bread,Grocery,3,3.30,9.90,Card
T1073,2024-05-09 18:15:27,2024-05-09,18:00,POS-2,C001,P011,DORITOS,Doritos Nacho Cheese,Snacks,1,44.82,44.82,Cash
T1047,2024-05-09 18:55:54,2024-05-09,18:00,POS-1,C001,P002,COKE-12OZ,Coca-Cola 12oz,Beverage,3,24.42,73.26,EBT
T1047,2024-05-09 18:55:54,2024-05-09,18:00,POS-2,C003,P037,CEREAL,Cereal Box,Grocery,1,7.72,7.72,EBT
T1047,2024-05-09 18:55:54,2024-05-09,18:00,POS-1,C002,P001,RB-24CT,Red Bull 24ct,Energy Drink,3,44.81,134.43,EBT
T1047,2024-05-09 18:55:54,2024-05-09,18:00,POS-2,C003,P002,COKE-12OZ,Coca-Cola 12oz,Beverage,1,24.42,24.42,Card
T1063,2024-05-09 20:02:46,2024-05-09,20:00,POS-2,C002,P015,ORANGE-JUICE,Orange Juice,Beverage,2,4.16,8.32,Card
T1063,2024-05-09 20:02:46,2024-05-09,20:00,POS-2,C001,P038,ALMONDS,Blue Diamond Almonds,Snacks,2,25.38,50.76,Card
T1063,2024-05-09 20:02:46,2024-05-09,20:00,POS-1,C001,P001,RB-24CT,Red Bull 24ct,Energy Drink,1,44.81,44.81,Cash
T1045,2024-05-09 20:32:17,2024-05-09,20:00,POS-2,C001,P008,BREAD-WHT,White Bread,Grocery,1,3.30,3.30,EBT
T1054,2024-05-09 21:51:35,2024-05-09,21:00,POS-2,C002,P002,COKE-12OZ,Coca-Cola 12oz,Beverage,1,24.42,24.42,Apple Pay
T1054,2024-05-09 21:51:35,2024-05-09,21:00,POS-2,C003,P012,LAY-CLASSIC,Lay's Classic Chips,Snacks,2,18.81,37.62,Apple Pay
T1054,2024-05-09 21:51:35,2024-05-09,21:00,POS-1,C002,P005,MILK-GAL,Milk Gallon,Dairy,1,4.49,4.49,Card
T1090,2024-05-10 09:12:02,2024-05-10,09:00,POS-2,C003,P035,BATTERY-AA,AA Batteries,Electronics,1,33.84,33.84,EBT
T1090,2024-05-10 09:12:02,2024-05-10,09:00,POS-1,C003,P008,BREAD-WHT,White Bread,Grocery,1,3.30,3.30,Cash
T1108,2024-05-10 11:39:47,2024-05-10,11:00,POS-2,C002,P021,RICE,Jasmine Rice 5lb,Grocery,2,1.17,2.34,Card
T1108,2024-05-10 11:39:47,2024-05-10,11:00,POS-2,C003,P017,BUTTER,Butter Sticks,Dairy,1,42.18,42.18,Card
T1108,2024-05-10 11:39:47,2024-05-10,11:00,POS-2,C003,P017,BUTTER,Butter Sticks,Dairy,2,42.18,84.36,Card
T1099,2024-05-10 11:53:49,2024-05-10,11:00,POS-1,C001,P027,FROZEN-PIZZA,Frozen Pizza,Frozen,2,3.48,6.96,Cash
T1099,2024-05-10 11:53:49,2024-05-10,11:00,POS-1,C001,P002,COKE-12OZ,Coca-Cola 12oz,Beverage,1,24.42,24.42,Apple Pay
T1085,2024-05-10 12:07:03,2024-05-10,12:00,POS-1,C001,P015,ORANGE-JUICE,Orange Juice,Beverage,2,4.16,8.32,EBT
T1085,2024-05-10 12:07:03,2024-05-10,12:00,POS-1,C003,P029,BACON,Bacon Pack,Meat,2,2.13,4.26,Cash
T1080,2024-05-10 12:08:09,2024-05-10,12:00,POS-1,C003,P008,BREAD-WHT,White Bread,Grocery,1,3.30,3.30,Apple Pay
T1112,2024-05-10 12:36:43,2024-05-10,12:00,POS-2,C001,P035,BATTERY-AA,AA Batteries,Electronics,1,33.84,33.84,Apple Pay
T1112,2024-05-10 12:36:43,2024-05-10,12:00,POS-1,C002,P012,LAY-CLASSIC,Lay's Classic Chips,Snacks,3,18.81,56.43,EBT
T1112,2024-05-10 12:36:43,2024-05-10,12:00,POS-2,C003,P011,DORITOS,Doritos Nacho Cheese,Snacks,3,44.82,134.46,EBT
T1112,2024-05-10 12:36:43,2024-05-10,12:00,POS-1,C003,P028,HOTDOG,Hot Dog Pack,Meat,1,8.92,8.92,Apple Pay
T1091,2024-05-10 12:55:49,2024-05-10,12:00,POS-2,C001,P034,ADVIL,Pain Reliever,Pharmacy,1,5.77,5.77,Apple Pay
T1098,2024-05-10 13:36:23,2024-05-10,13:00,POS-2,C003,P030,SOAP,Dish Soap,Household,1,12.33,12.33,EBT
T1098,2024-05-10 13:36:23,2024-05-10,13:00,POS-2,C002,P019,COFFEE-CAN,Ground Coffee,Grocery,2,5.00,10.00,Card
T1098,2024-05-10 13:36:23,2024-05-10,13:00,POS-2,C003,P022,PASTA,Pasta Box,Grocery,1,6.70,6.70,Card
T1098,2024-05-10 13:36:23,2024-05-10,13:00,POS-2,C003,P002,COKE-12OZ,Coca-Cola 12oz,Beverage,2,24.42,48.84,Apple Pay
T1107,2024-05-10 13:50:21,2024-05-10,13:00,POS-1,C001,P027,FROZEN-PIZZA,Frozen Pizza,Frozen,2,3.48,6.96,Card
T1107,2024-05-10 13:50:21,2024-05-10,13:00,POS-2,C002,P003,EGG-12CT,Eggs 12ct,Grocery,1,37.39,37.39,EBT
T1107,2024-05-10 13:50:21,2024-05-10,13:00,POS-1,C002,P017,BUTTER,Butter Sticks,Dairy,1,42.18,42.18,Apple Pay
T1104,2024-05-10 14:17:28,2024-05-10,14:00,POS-2,C001,P002,COKE-12OZ,Coca-Cola 12oz,Beverage,2,24.42,48.84,Cash
T1104,2024-05-10 14:17:28,2024-05-10,14:00,POS-2,C001,P001,RB-24CT,Red Bull 24ct,Energy Drink,1,44.81,44.81,Cash
T1087,2024-05-10 14:23:04,2024-05-10,14:00,POS-1,C003,P012,LAY-CLASSIC,Lay's Classic Chips,Snacks,2,18.81,37.62,EBT
T1095,2024-05-10 14:24:58,2024-05-10,14:00,POS-2,C001,P005,MILK-GAL,Milk Gallon,Dairy,1,4.49,4.49,Apple Pay
T1092,2024-05-10 14:25:47,2024-05-10,14:00,POS-2,C003,P035,BATTERY-AA,AA Batteries,Electronics,2,33.84,67.68,Apple Pay
T1092,2024-05-10 14:25:47,2024-05-10,14:00,POS-2,C001,P012,LAY-CLASSIC,Lay's Classic Chips,Snacks,1,18.81,18.81,EBT
T1092,2024-05-10 14:25:47,2024-05-10,14:00,POS-1,C003,P040,TEA-BOTTLE,Iced Tea Bottle,Beverage,2,23.35,46.70,Apple Pay
T1092,2024-05-10 14:25:47,2024-05-10,14:00,POS-1,C001,P017,BUTTER,Butter Sticks,Dairy,1,42.18,42.18,Apple Pay
T1110,2024-05-10 14:26:09,2024-05-10,14:00,POS-1,C003,P025,TUNA,Tuna Can,Grocery,3,11.46,34.38,Cash
T1110,2024-05-10 14:26:09,2024-05-10,14:00,POS-1,C003,P014,GATORADE,Gatorade 20oz,Beverage,2,30.95,61.90,Apple Pay
T1110,2024-05-10 14:26:09,2024-05-10,14:00,POS-2,C003,P028,HOTDOG,Hot Dog Pack,Meat,3,8.92,26.76,EBT
T1110,2024-05-10 14:26:09,2024-05-10,14:00,POS-1,C002,P037,CEREAL,Cereal Box,Grocery,1,7.72,7.72,Apple Pay
T1083,2024-05-10 14:32:09,2024-05-10,14:00,POS-2,C001,P002,COKE-12OZ,Coca-Cola 12oz,Beverage,1,24.42,24.42,EBT
T1083,2024-05-10 14:32:09,2024-05-10,14:00,POS-2,C001,P037,CEREAL,Cereal Box,Grocery,2,7.72,15.44,EBT
T1083,2024-05-10 14:32:09,2024-05-10,14:00,POS-2,C001,P031,PAPER-TOWEL,Paper Towels,Household,1,7.15,7.15,Card
T1083,2024-05-10 14:32:09,2024-05-10,14:00,POS-1,C003,P035,BATTERY-AA,AA Batteries,Electronics,1,33.84,33.84,Apple Pay
T1105,2024-05-10 14:32:29,2024-05-10,14:00,POS-1,C001,P035,BATTERY-AA,AA Batteries,Electronics,2,33.84,67.68,Apple Pay
T1105,2024-05-10 14:32:29,2024-05-10,14:00,POS-1,C002,P017,BUTTER,Butter Sticks,Dairy,1,42.18,42.18,EBT
T1105,2024-05-10 14:32:29,2024-05-10,14:00,POS-2,C002,P002,COKE-12OZ,Coca-Cola 12oz,Beverage,2,24.42,48.84,Card
T1105,2024-05-10 14:32:29,2024-05-10,14:00,POS-2,C001,P012,LAY-CLASSIC,Lay's Classic Chips,Snacks,1,18.81,18.81,Apple Pay
T1114,2024-05-10 14:45:30,2024-05-10,14:00,POS-1,C003,P024,SOUP,Chicken Soup Can,Grocery,1,3.37,3.37,Cash
T1103,2024-05-10 14:51:51,2024-05-10,14:00,POS-2,C001,P008,BREAD-WHT,White Bread,Grocery,2,3.30,6.60,Apple Pay
T1103,2024-05-10 14:51:51,2024-05-10,14:00,POS-1,C002,P001,RB-24CT,Red Bull 24ct,Energy Drink,2,44.81,89.62,Apple Pay
T1103,2024-05-10 14:51:51,2024-05-10,14:00,POS-2,C002,P001,RB-24CT,Red Bull 24ct,Energy Drink,3,44.81,134.43,Cash
T1103,2024-05-10 14:51:51,2024-05-10,14:00,POS-1,C002,P015,ORANGE-JUICE,Orange Juice,Beverage,1,4.16,4.16,Cash
T1109,2024-05-10 15:16:41,2024-05-10,15:00,POS-2,C001,P026,ICECREAM,Ice Cream Pint,Frozen,1,8.55,8.55,Cash
T1109,2024-05-10 15:16:41,2024-05-10,15:00,POS-1,C001,P021,RICE,Jasmine Rice 5lb,Grocery,1,1.17,1.17,Card
T1111,2024-05-10 15:43:49,2024-05-10,15:00,POS-2,C001,P022,PASTA,Pasta Box,Grocery,2,6.70,13.40,Apple Pay
T1111,2024-05-10 15:43:49,2024-05-10,15:00,POS-1,C003,P003,EGG-12CT,Eggs 12ct,Grocery,1,37.39,37.39,EBT
T1111,2024-05-10 15:43:49,2024-05-10,15:00,POS-2,C002,P005,MILK-GAL,Milk Gallon,Dairy,1,4.49,4.49,Apple Pay
T1086,2024-05-10 16:18:27,2024-05-10,16:00,POS-2,C001,P022,PASTA,Pasta Box,Grocery,1,6.70,6.70,Card
T1093,2024-05-10 16:19:28,2024-05-10,16:00,POS-2,C002,P003,EGG-12CT,Eggs 12ct,Grocery,1,37.39,37.39,Card
T1093,2024-05-10 16:19:28,2024-05-10,16:00,POS-2,C002,P015,ORANGE-JUICE,Orange Juice,Beverage,1,4.16,4.16,Cash
T1093,2024-05-10 16:19:28,2024-05-10,16:00,POS-1,C003,P015,ORANGE-JUICE,Orange Juice,Beverage,1,4.16,4.16,EBT
T1093,2024-05-10 16:19:28,2024-05-10,16:00,POS-1,C001,P026,ICECREAM,Ice Cream Pint,Frozen,1,8.55,8.55,Cash
T1096,2024-05-10 16:31:12,2024-05-10,16:00,POS-2,C001,P002,COKE-12OZ,Coca-Cola 12oz,Beverage,1,24.42,24.42,EBT
T1082,2024-05-10 16:36:28,2024-05-10,16:00,POS-1,C003,P027,FROZEN-PIZZA,Frozen Pizza,Frozen,1,3.48,3.48,Cash
T1082,2024-05-10 16:36:28,2024-05-10,16:00,POS-1,C003,P029,BACON,Bacon Pack,Meat,1,2.13,2.13,EBT
T1082,2024-05-10 16:36:28,2024-05-10,16:00,POS-1,C003,P017,BUTTER,Butter Sticks,Dairy,1,42.18,42.18,Card
T1082,2024-05-10 16:36:28,2024-05-10,16:00,POS-1,C001,P014,GATORADE,Gatorade 20oz,Beverage,1,30.95,30.95,Apple Pay
T1084,2024-05-10 17:08:02,2024-05-10,17:00,POS-2,C002,P037,CEREAL,Cereal Box,Grocery,3,7.72,23.16,Card
T1084,2024-05-10 17:08:02,2024-05-10,17:00,POS-1,C002,P016,YOGURT,Greek Yogurt Cup,Dairy,1,26.09,26.09,Cash
T1084,2024-05-10 17:08:02,2024-05-10,17:00,POS-2,C001,P034,ADVIL,Pain Reliever,Pharmacy,1,5.77,5.77,Apple Pay
T1094,2024-05-10 17:23:23,2024-05-10,17:00,POS-2,C002,P038,ALMONDS,Blue Diamond Almonds,Snacks,1,25.38,25.38,Card
T1094,2024-05-10 17:23:23,2024-05-10,17:00,POS-1,C003,P001,RB-24CT,Red Bull 24ct,Energy Drink,2,44.81,89.62,Apple Pay
T1094,2024-05-10 17:23:23,2024-05-10,17:00,POS-2,C003,P003,EGG-12CT,Eggs 12ct,Grocery,2,37.39,74.78,Apple Pay
T1094,2024-05-10 17:23:23,2024-05-10,17:00,POS-1,C001,P015,ORANGE-JUICE,Orange Juice,Beverage,1,4.16,4.16,Cash
T1102,2024-05-10 17:26:39,2024-05-10,17:00,POS-2,C003,P017,BUTTER,Butter Sticks,Dairy,3,42.18,126.54,Apple Pay
T1089,2024-05-10 17:47:48,2024-05-10,17:00,POS-1,C003,P002,COKE-12OZ,Coca-Cola 12oz,Beverage,3,24.42,73.26,EBT
T1089,2024-05-10 17:47:48,2024-05-10,17:00,POS-2,C003,P011,DORITOS,Doritos Nacho Cheese,Snacks,3,44.82,134.46,Cash
T1089,2024-05-10 17:47:48,2024-05-10,17:00,POS-1,C003,P011,DORITOS,Doritos Nacho Cheese,Snacks,1,44.82,44.82,EBT
T1106,2024-05-10 17:48:25,2024-05-10,17:00,POS-2,C001,P001,RB-24CT,Red Bull 24ct,Energy Drink,1,44.81,44.81,EBT
T1106,2024-05-10 17:48:25,2024-05-10,17:00,POS-2,C003,P001,RB-24CT,Red Bull 24ct,Energy Drink,2,44.81,89.62,Apple Pay
T1106,2024-05-10 17:48:25,2024-05-10,17:00,POS-1,C001,P019,COFFEE-CAN,Ground Coffee,Grocery,2,5.00,10.00,Card
T1101,2024-05-10 18:36:02,2024-05-10,18:00,POS-2,C003,P002,COKE-12OZ,Coca-Cola 12oz,Beverage,3,24.42,73.26,Cash
T1079,2024-05-10 19:19:41,2024-05-10,19:00,POS-2,C001,P002,COKE-12OZ,Coca-Cola 12oz,Beverage,3,24.42,73.26,Card
T1079,2024-05-10 19:19:41,2024-05-10,19:00,POS-2,C003,P025,TUNA,Tuna Can,Grocery,3,11.46,34.38,Apple Pay
T1079,2024-05-10 19:19:41,2024-05-10,19:00,POS-2,C002,P002,COKE-12OZ,Coca-Cola 12oz,Beverage,1,24.42,24.42,Cash
T1079,2024-05-10 19:19:41,2024-05-10,19:00,POS-2,C002,P019,COFFEE-CAN,Ground Coffee,Grocery,1,5.00,5.00,Cash
T1081,2024-05-10 19:39:08,2024-05-10,19:00,POS-2,C001,P003,EGG-12CT,Eggs 12ct,Grocery,1,37.39,37.39,EBT
T1081,2024-05-10 19:39:08,2024-05-10,19:00,POS-1,C002,P003,EGG-12CT,Eggs 12ct,Grocery,1,37.39,37.39,Apple Pay
T1081,2024-05-10 19:39:08,2024-05-10,19:00,POS-2,C001,P025,TUNA,Tuna Can,Grocery,3,11.46,34.38,Cash
T1081,2024-05-10 19:39:08,2024-05-10,19:00,POS-2,C001,P022,PASTA,Pasta Box,Grocery,1,6.70,6.70,Apple Pay
T1100,2024-05-10 20:14:22,2024-05-10,20:00,POS-2,C001,P034,ADVIL,Pain Reliever,Pharmacy,2,5.77,11.54,Apple Pay
T1100,2024-05-10 20:14:22,2024-05-10,20:00,POS-1,C003,P005,MILK-GAL,Milk Gallon,Dairy,2,4.49,8.98,Cash
T1100,2024-05-10 20:14:22,2024-05-10,20:00,POS-1,C001,P022,PASTA,Pasta Box,Grocery,2,6.70,13.40,Apple Pay
T1113,2024-05-10 20:44:17,2024-05-10,20:00,POS-1,C001,P002,COKE-12OZ,Coca-Cola 12oz,Beverage,1,24.42,24.42,Cash
T1113,2024-05-10 20:44:17,2024-05-10,20:00,POS-1,C001,P026,ICECREAM,Ice Cream Pint,Frozen,3,8.55,25.65,Card
T1088,2024-05-10 21:16:47,2024-05-10,21:00,POS-2,C001,P011,DORITOS,Doritos Nacho Cheese,Snacks,1,44.82,44.82,Card
T1097,2024-05-10 21:51:43,2024-05-10,21:00,POS-2,C001,P024,SOUP,Chicken Soup Can,Grocery,1,3.37,3.37,Cash
T1097,2024-05-10 21:51:43,2024-05-10,21:00,POS-1,C001,P025,TUNA,Tuna Can,Grocery,1,11.46,11.46,Cash
T1097,2024-05-10 21:51:43,2024-05-10,21:00,POS-1,C002,P019,COFFEE-CAN,Ground Coffee,Grocery,1,5.00,5.00,Card
T1142,2024-05-11 08:19:28,2024-05-11,08:00,POS-2,C003,P027,FROZEN-PIZZA,Frozen Pizza,Frozen,2,3.48,6.96,EBT
T1142,2024-05-11 08:19:28,2024-05-11,08:00,POS-1,C001,P002,COKE-12OZ,Coca-Cola 12oz,Beverage,1,24.42,24.42,Apple Pay
T1142,2024-05-11 08:19:28,2024-05-11,08:00,POS-1,C003,P002,COKE-12OZ,Coca-Cola 12oz,Beverage,2,24.42,48.84,Apple Pay
T1123,2024-05-11 08:26:11,2024-05-11,08:00,POS-2,C002,P027,FROZEN-PIZZA,Frozen Pizza,Frozen,3,3.48,10.44,EBT
T1123,2024-05-11 08:26:11,2024-05-11,08:00,POS-2,C002,P040,TEA-BOTTLE,Iced Tea Bottle,Beverage,2,23.35,46.70,Card
T1121,2024-05-11 09:35:57,2024-05-11,09:00,POS-2,C001,P020,SUGAR,Sugar 4lb,Grocery,1,5.28,5.28,Cash
T1121,2024-05-11 09:35:57,2024-05-11,09:00,POS-2,C001,P002,COKE-12OZ,Coca-Cola 12oz,Beverage,3,24.42,73.26,EBT
T1157,2024-05-11 10:01:50,2024-05-11,10:00,POS-2,C001,P008,BREAD-WHT,White Bread,Grocery,2,3.30,6.60,EBT
T1157,2024-05-11 10:01:50,2024-05-11,10:00,POS-2,C003,P006,KETTLE-CHIPS,Kettle Chips Sea Salt,Snacks,2,2.49,4.98,Card
T1149,2024-05-11 10:06:16,2024-05-11,10:00,POS-1,C002,P017,BUTTER,Butter Sticks,Dairy,2,42.18,84.36,Apple Pay
T1149,2024-05-11 10:06:16,2024-05-11,10:00,POS-2,C003,P018,CHEESE,Cheddar Cheese Block,Dairy,2,10.18,20.36,Cash
T1155,2024-05-11 10:23:44,2024-05-11,10:00,POS-2,C002,P017,BUTTER,Butter Sticks,Dairy,1,42.18,42.18,Cash
T1155,2024-05-11 10:23:44,2024-05-11,10:00,POS-1,C003,P014,GATORADE,Gatorade 20oz,Beverage,2,30.95,61.90,Cash
T1154,2024-05-11 10:42:55,2024-05-11,10:00,POS-1,C002,P018,CHEESE,Cheddar Cheese Block,Dairy,2,10.18,20.36,Apple Pay
T1154,2024-05-11 10:42:55,2024-05-11,10:00,POS-1,C003,P022,PASTA,Pasta Box,Grocery,2,6.70,13.40,Apple Pay
T1154,2024-05-11 10:42:55,2024-05-11,10:00,POS-1,C003,P021,RICE,Jasmine Rice 5lb,Grocery,2,1.17,2.34,Cash
T1154,2024-05-11 10:42:55,2024-05-11,10:00,POS-1,C001,P022,PASTA,Pasta Box,Grocery,1,6.70,6.70,Apple Pay
T1135,2024-05-11 11:40:14,2024-05-11,11:00,POS-1,C003,P025,TUNA,Tuna Can,Grocery,1,11.46,11.46,EBT
T1153,2024-05-11 11:42:27,2024-05-11,11:00,POS-1,C003,P001,RB-24CT,Red Bull 24ct,Energy Drink,2,44.81,89.62,Cash
T1153,2024-05-11 11:42:27,2024-05-11,11:00,POS-2,C003,P022,PASTA,Pasta Box,Grocery,1,6.70,6.70,Card
T1153,2024-05-11 11:42:27,2024-05-11,11:00,POS-1,C003,P003,EGG-12CT,Eggs 12ct,Grocery,2,37.39,74.78,Cash
T1153,2024-05-11 11:42:27,2024-05-11,11:00,POS-2,C001,P021,RICE,Jasmine Rice 5lb,Grocery,1,1.17,1.17,EBT
T1126,2024-05-11 12:02:25,2024-05-11,12:00,POS-2,C001,P005,MILK-GAL,Milk Gallon,Dairy,2,4.49,8.98,Apple Pay
T1126,2024-05-11 12:02:25,2024-05-11,12:00,POS-2,C001,P004,SBUX-FRAP,Starbucks Frappuccino,Beverage,2,42.69,85.38,Apple Pay
T1126,2024-05-11 12:02:25,2024-05-11,12:00,POS-1,C002,P034,ADVIL,Pain Reliever,Pharmacy,1,5.77,5.77,Apple Pay
T1126,2024-05-11 12:02:25,2024-05-11,12:00,POS-1,C003,P001,RB-24CT,Red Bull 24ct,Energy Drink,1,44.81,44.81,Cash
T1141,2024-05-11 12:35:24,2024-05-11,12:00,POS-1,C003,P003,EGG-12CT,Eggs 12ct,Grocery,1,37.39,37.39,Card
T1141,2024-05-11 12:35:24,2024-05-11,12:00,POS-2,C001,P021,RICE,Jasmine Rice 5lb,Grocery,1,1.17,1.17,EBT
T1141,2024-05-11 12:35:24,2024-05-11,12:00,POS-1,C003,P012,LAY-CLASSIC,Lay's Classic Chips,Snacks,3,18.81,56.43,EBT
T1141,2024-05-11 12:35:24,2024-05-11,12:00,POS-2,C001,P028,HOTDOG,Hot Dog Pack,Meat,1,8.92,8.92,Card
T1133,2024-05-11 12:36:53,2024-05-11,12:00,POS-2,C002,P017,BUTTER,Butter Sticks,Dairy,3,42.18,126.54,EBT
T1133,2024-05-11 12:36:53,2024-05-11,12:00,POS-2,C002,P023,SAUCE,Tomato Sauce Jar,Grocery,3,8.57,25.71,Cash
T1150,2024-05-11 13:01:30,2024-05-11,13:00,POS-1,C003,P008,BREAD-WHT,White Bread,Grocery,1,3.30,3.30,Cash
T1151,2024-05-11 13:21:29,2024-05-11,13:00,POS-2,C003,P018,CHEESE,Cheddar Cheese Block,Dairy,1,10.18,10.18,EBT
T1151,2024-05-11 13:21:29,2024-05-11,13:00,POS-1,C002,P011,DORITOS,Doritos Nacho Cheese,Snacks,1,44.82,44.82,Card
T1116,2024-05-11 13:38:06,2024-05-11,13:00,POS-1,C003,P008,BREAD-WHT,White Bread,Grocery,2,3.30,6.60,EBT
T1116,2024-05-11 13:38:06,2024-05-11,13:00,POS-1,C001,P040,TEA-BOTTLE,Iced Tea Bottle,Beverage,1,23.35,23.35,Apple Pay
T1116,2024-05-11 13:38:06,2024-05-11,13:00,POS-2,C003,P019,COFFEE-CAN,Ground Coffee,Grocery,1,5.00,5.00,Apple Pay
T1129,2024-05-11 13:38:38,2024-05-11,13:00,POS-1,C002,P035,BATTERY-AA,AA Batteries,Electronics,1,33.84,33.84,Cash
T1136,2024-05-11 13:39:40,2024-05-11,13:00,POS-2,C003,P023,SAUCE,Tomato Sauce Jar,Grocery,1,8.57,8.57,Apple Pay
T1136,2024-05-11 13:39:40,2024-05-11,13:00,POS-2,C001,P001,RB-24CT,Red Bull 24ct,Energy Drink,1,44.81,44.81,Card
T1136,2024-05-11 13:39:40,2024-05-11,13:00,POS-1,C001,P019,COFFEE-CAN,Ground Coffee,Grocery,1,5.00,5.00,Cash
T1136,2024-05-11 13:39:40,2024-05-11,13:00,POS-2,C002,P014,GATORADE,Gatorade 20oz,Beverage,2,30.95,61.90,Apple Pay
T1144,2024-05-11 13:50:04,2024-05-11,13:00,POS-1,C002,P005,MILK-GAL,Milk Gallon,Dairy,2,4.49,8.98,Card
T1144,2024-05-11 13:50:04,2024-05-11,13:00,POS-2,C001,P005,MILK-GAL,Milk Gallon,Dairy,1,4.49,4.49,EBT
T1144,2024-05-11 13:50:04,2024-05-11,13:00,POS-2,C002,P022,PASTA,Pasta Box,Grocery,1,6.70,6.70,EBT
T1145,2024-05-11 13:52:52,2024-05-11,13:00,POS-1,C002,P008,BREAD-WHT,White Bread,Grocery,3,3.30,9.90,Apple Pay
T1145,2024-05-11 13:52:52,2024-05-11,13:00,POS-2,C002,P021,RICE,Jasmine Rice 5lb,Grocery,1,1.17,1.17,Apple Pay
T1132,2024-05-11 13:56:31,2024-05-11,13:00,POS-2,C002,P002,COKE-12OZ,Coca-Cola 12oz,Beverage,1,24.42,24.42,EBT
T1132,2024-05-11 13:56:31,2024-05-11,13:00,POS-1,C003,P040,TEA-BOTTLE,Iced Tea Bottle,Beverage,1,23.35,23.35,Cash
T1132,2024-05-11 13:56:31,2024-05-11,13:00,POS-2,C003,P016,YOGURT,Greek Yogurt Cup,Dairy,1,26.09,26.09,EBT
T1132,2024-05-11 13:56:31,2024-05-11,13:00,POS-1,C001,P034,ADVIL,Pain Reliever,Pharmacy,1,5.77,5.77,Apple Pay
T1159,2024-05-11 14:07:49,2024-05-11,14:00,POS-2,C003,P004,SBUX-FRAP,Starbucks Frappuccino,Beverage,3,42.69,128.07,EBT
T1159,2024-05-11 14:07:49,2024-05-11,14:00,POS-1,C001,P026,ICECREAM,Ice Cream Pint,Frozen,1,8.55,8.55,Cash
T1156,2024-05-11 14:08:11,2024-05-11,14:00,POS-2,C001,P034,ADVIL,Pain Reliever,Pharmacy,1,5.77,5.77,Cash
T1156,2024-05-11 14:08:11,2024-05-11,14:00,POS-2,C002,P022,PASTA,Pasta Box,Grocery,2,6.70,13.40,EBT
T1156,2024-05-11 14:08:11,2024-05-11,14:00,POS-2,C002,P034,ADVIL,Pain Reliever,Pharmacy,2,5.77,11.54,Cash
T1158,2024-05-11 15:17:49,2024-05-11,15:00,POS-1,C002,P019,COFFEE-CAN,Ground Coffee,Grocery,2,5.00,10.00,Card
T1158,2024-05-11 15:17:49,2024-05-11,15:00,POS-1,C002,P027,FROZEN-PIZZA,Frozen Pizza,Frozen,3,3.48,10.44,Card
T1158,2024-05-11 15:17:49,2024-05-11,15:00,POS-2,C002,P027,FROZEN-PIZZA,Frozen Pizza,Frozen,2,3.48,6.96,Card
T1128,2024-05-11 15:26:35,2024-05-11,15:00,POS-1,C002,P012,LAY-CLASSIC,Lay's Classic Chips,Snacks,1,18.81,18.81,Apple Pay
T1128,2024-05-11 15:26:35,2024-05-11,15:00,POS-1,C001,P005,MILK-GAL,Milk Gallon,Dairy,1,4.49,4.49,Apple Pay
T1127,2024-05-11 15:27:35,2024-05-11,15:00,POS-2,C003,P001,RB-24CT,Red Bull 24ct,Energy Drink,2,44.81,89.62,EBT
T1127,2024-05-11 15:27:35,2024-05-11,15:00,POS-1,C002,P011,DORITOS,Doritos Nacho Cheese,Snacks,2,44.82,89.64,EBT
T1127,2024-05-11 15:27:35,2024-05-11,15:00,POS-2,C001,P022,PASTA,Pasta Box,Grocery,1,6.70,6.70,Cash
T1127,2024-05-11 15:27:35,2024-05-11,15:00,POS-1,C002,P012,LAY-CLASSIC,Lay's Classic Chips,Snacks,1,18.81,18.81,Card
T1138,2024-05-11 15:54:06,2024-05-11,15:00,POS-2,C002,P005,MILK-GAL,Milk Gallon,Dairy,3,4.49,13.47,Card
T1117,2024-05-11 16:00:47,2024-05-11,16:00,POS-2,C002,P029,BACON,Bacon Pack,Meat,1,2.13,2.13,Apple Pay
T1117,2024-05-11 16:00:47,2024-05-11,16:00,POS-2,C003,P019,COFFEE-CAN,Ground Coffee,Grocery,1,5.00,5.00,Card
T1117,2024-05-11 16:00:47,2024-05-11,16:00,POS-1,C002,P027,FROZEN-PIZZA,Frozen Pizza,Frozen,1,3.48,3.48,Apple Pay
T1119,2024-05-11 16:18:23,2024-05-11,16:00,POS-2,C003,P004,SBUX-FRAP,Starbucks Frappuccino,Beverage,1,42.69,42.69,Apple Pay
T1119,2024-05-11 16:18:23,2024-05-11,16:00,POS-2,C003,P002,COKE-12OZ,Coca-Cola 12oz,Beverage,2,24.42,48.84,Cash
T1140,2024-05-11 16:34:21,2024-05-11,16:00,POS-2,C001,P027,FROZEN-PIZZA,Frozen Pizza,Frozen,2,3.48,6.96,Card
T1140,2024-05-11 16:34:21,2024-05-11,16:00,POS-1,C001,P002,COKE-12OZ,Coca-Cola 12oz,Beverage,2,24.42,48.84,Apple Pay
T1140,2024-05-11 16:34:21,2024-05-11,16:00,POS-2,C002,P040,TEA-BOTTLE,Iced Tea Bottle,Beverage,2,23.35,46.70,Card
T1140,2024-05-11 16:34:21,2024-05-11,16:00,POS-2,C002,P026,ICECREAM,Ice Cream Pint,Frozen,3,8.55,25.65,EBT
T1124,2024-05-11 16:42:55,2024-05-11,16:00,POS-2,C003,P023,SAUCE,Tomato Sauce Jar,Grocery,1,8.57,8.57,Cash
T1124,2024-05-11 16:42:55,2024-05-11,16:00,POS-1,C001,P011,DORITOS,Doritos Nacho Cheese,Snacks,3,44.82,134.46,Card
T1148,2024-05-11 16:45:27,2024-05-11,16:00,POS-2,C003,P001,RB-24CT,Red Bull 24ct,Energy Drink,2,44.81,89.62,Card
T1148,2024-05-11 16:45:27,2024-05-11,16:00,POS-1,C001,P040,TEA-BOTTLE,Iced Tea Bottle,Beverage,1,23.35,23.35,Cash
T1148,2024-05-11 16:45:27,2024-05-11,16:00,POS-2,C001,P016,YOGURT,Greek Yogurt Cup,Dairy,3,26.09,78.27,Card
T1148,2024-05-11 16:45:27,2024-05-11,16:00,POS-2,C002,P013,WATER-24PK,Bottled Water 24pk,Beverage,2,17.29,34.58,EBT
T1115,2024-05-11 16:56:56,2024-05-11,16:00,POS-1,C001,P016,YOGURT,Greek Yogurt Cup,Dairy,3,26.09,78.27,Cash
T1115,2024-05-11 16:56:56,2024-05-11,16:00,POS-1,C001,P003,EGG-12CT,Eggs 12ct,Grocery,2,37.39,74.78,EBT
T1115,2024-05-11 16:56:56,2024-05-11,16:00,POS-1,C002,P038,ALMONDS,Blue Diamond Almonds,Snacks,1,25.38,25.38,EBT
T1115,2024-05-11 16:56:56,2024-05-11,16:00,POS-2,C001,P009,BANANA-LB,Bananas,Produce,1,4.18,4.18,Card
T1137,2024-05-11 17:05:23,2024-05-11,17:00,POS-1,C001,P016,YOGURT,Greek Yogurt Cup,Dairy,1,26.09,26.09,EBT
T1137,2024-05-11 17:05:23,2024-05-11,17:00,POS-2,C003,P005,MILK-GAL,Milk Gallon,Dairy,2,4.49,8.98,EBT
T1137,2024-05-11 17:05:23,2024-05-11,17:00,POS-1,C003,P025,TUNA,Tuna Can,Grocery,1,11.46,11.46,Cash
T1137,2024-05-11 17:05:23,2024-05-11,17:00,POS-2,C002,P008,BREAD-WHT,White Bread,Grocery,1,3.30,3.30,Apple Pay
T1134,2024-05-11 17:22:10,2024-05-11,17:00,POS-1,C003,P026,ICECREAM,Ice Cream Pint,Frozen,2,8.55,17.10,Card
T1134,2024-05-11 17:22:10,2024-05-11,17:00,POS-1,C001,P016,YOGURT,Greek Yogurt Cup,Dairy,1,26.09,26.09,EBT
T1146,2024-05-11 17:40:31,2024-05-11,17:00,POS-2,C001,P009,BANANA-LB,Bananas,Produce,2,4.18,8.36,Cash
T1146,2024-05-11 17:40:31,2024-05-11,17:00,POS-1,C003,P007,SPARK-WATER,Sparkling Water Variety Pack,Beverage,2,5.99,11.98,Card
T1120,2024-05-11 17:43:48,2024-05-11,17:00,POS-2,C001,P018,CHEESE,Cheddar Cheese Block,Dairy,2,10.18,20.36,Card
T1143,2024-05-11 18:00:18,2024-05-11,18:00,POS-1,C003,P012,LAY-CLASSIC,Lay's Classic Chips,Snacks,1,18.81,18.81,EBT
T1143,2024-05-11 18:00:18,2024-05-11,18:00,POS-1,C002,P002,COKE-12OZ,Coca-Cola 12oz,Beverage,1,24.42,24.42,Apple Pay
T1143,2024-05-11 18:00:18,2024-05-11,18:00,POS-2,C001,P036,ENERGY-BAR,Protein Bar,Candy,1,42.75,42.75,Card
T1143,2024-05-11 18:00:18,2024-05-11,18:00,POS-2,C002,P037,CEREAL,Cereal Box,Grocery,1,7.72,7.72,EBT
T1152,2024-05-11 18:07:01,2024-05-11,18:00,POS-1,C003,P023,SAUCE,Tomato Sauce Jar,Grocery,3,8.57,25.71,Cash
T1152,2024-05-11 18:07:01,2024-05-11,18:00,POS-1,C002,P024,SOUP,Chicken Soup Can,Grocery,2,3.37,6.74,EBT
T1152,2024-05-11 18:07:01,2024-05-11,18:00,POS-1,C002,P003,EGG-12CT,Eggs 12ct,Grocery,2,37.39,74.78,Cash
T1130,2024-05-11 18:21:19,2024-05-11,18:00,POS-1,C003,P004,SBUX-FRAP,Starbucks Frappuccino,Beverage,1,42.69,42.69,EBT
T1122,2024-05-11 18:29:08,2024-05-11,18:00,POS-1,C002,P015,ORANGE-JUICE,Orange Juice,Beverage,3,4.16,12.48,Apple Pay
T1122,2024-05-11 18:29:08,2024-05-11,18:00,POS-1,C003,P001,RB-24CT,Red Bull 24ct,Energy Drink,1,44.81,44.81,Card
T1122,2024-05-11 18:29:08,2024-05-11,18:00,POS-2,C002,P016,YOGURT,Greek Yogurt Cup,Dairy,1,26.09,26.09,Card
T1122,2024-05-11 18:29:08,2024-05-11,18:00,POS-1,C001,P030,SOAP,Dish Soap,Household,2,12.33,24.66,EBT
T1139,2024-05-11 19:43:59,2024-05-11,19:00,POS-1,C001,P036,ENERGY-BAR,Protein Bar,Candy,1,42.75,42.75,Cash
T1139,2024-05-11 19:43:59,2024-05-11,19:00,POS-2,C001,P019,COFFEE-CAN,Ground Coffee,Grocery,3,5.00,15.00,Apple Pay
T1139,2024-05-11 19:43:59,2024-05-11,19:00,POS-1,C003,P001,RB-24CT,Red Bull 24ct,Energy Drink,1,44.81,44.81,EBT
T1131,2024-05-11 19:44:38,2024-05-11,19:00,POS-2,C002,P012,LAY-CLASSIC,Lay's Classic Chips,Snacks,1,18.81,18.81,EBT
T1131,2024-05-11 19:44:38,2024-05-11,19:00,POS-2,C002,P005,MILK-GAL,Milk Gallon,Dairy,2,4.49,8.98,Apple Pay
T1118,2024-05-11 20:00:16,2024-05-11,20:00,POS-1,C002,P005,MILK-GAL,Milk Gallon,Dairy,3,4.49,13.47,Apple Pay
T1118,2024-05-11 20:00:16,2024-05-11,20:00,POS-1,C001,P027,FROZEN-PIZZA,Frozen Pizza,Frozen,3,3.48,10.44,Card
T1118,2024-05-11 20:00:16,2024-05-11,20:00,POS-2,C001,P038,ALMONDS,Blue Diamond Almonds,Snacks,2,25.38,50.76,EBT
T1118,2024-05-11 20:00:16,2024-05-11,20:00,POS-2,C003,P008,BREAD-WHT,White Bread,Grocery,3,3.30,9.90,Card
T1147,2024-05-11 20:29:45,2024-05-11,20:00,POS-1,C002,P015,ORANGE-JUICE,Orange Juice,Beverage,3,4.16,12.48,EBT
T1147,2024-05-11 20:29:45,2024-05-11,20:00,POS-2,C001,P008,BREAD-WHT,White Bread,Grocery,1,3.30,3.30,Apple Pay
T1125,2024-05-11 21:29:43,2024-05-11,21:00,POS-1,C003,P018,CHEESE,Cheddar Cheese Block,Dairy,1,10.18,10.18,Card
T1125,2024-05-11 21:29:43,2024-05-11,21:00,POS-2,C003,P033,TRASH-BAGS,Trash Bags,Household,1,3.67,3.67,Card
T1125,2024-05-11 21:29:43,2024-05-11,21:00,POS-1,C001,P005,MILK-GAL,Milk Gallon,Dairy,1,4.49,4.49,Card
T1125,2024-05-11 21:29:43,2024-05-11,21:00,POS-1,C002,P011,DORITOS,Doritos Nacho Cheese,Snacks,2,44.82,89.64,Card
T1167,2024-05-12 09:40:19,2024-05-12,09:00,POS-1,C001,P015,ORANGE-JUICE,Orange Juice,Beverage,1,4.16,4.16,EBT
T1167,2024-05-12 09:40:19,2024-05-12,09:00,POS-1,C003,P002,COKE-12OZ,Coca-Cola 12oz,Beverage,1,24.42,24.42,Cash
T1177,2024-05-12 09:55:00,2024-05-12,09:00,POS-1,C001,P001,RB-24CT,Red Bull 24ct,Energy Drink,1,44.81,44.81,EBT
T1177,2024-05-12 09:55:00,2024-05-12,09:00,POS-2,C001,P011,DORITOS,Doritos Nacho Cheese,Snacks,1,44.82,44.82,EBT
T1175,2024-05-12 10:27:07,2024-05-12,10:00,POS-1,C001,P022,PASTA,Pasta Box,Grocery,1,6.70,6.70,Cash
T1175,2024-05-12 10:27:07,2024-05-12,10:00,POS-1,C001,P001,RB-24CT,Red Bull 24ct,Energy Drink,3,44.81,134.43,EBT
T1175,2024-05-12 10:27:07,2024-05-12,10:00,POS-2,C001,P024,SOUP,Chicken Soup Can,Grocery,1,3.37,3.37,Apple Pay
T1175,2024-05-12 10:27:07,2024-05-12,10:00,POS-2,C003,P023,SAUCE,Tomato Sauce Jar,Grocery,1,8.57,8.57,Card
T1184,2024-05-12 11:29:20,2024-05-12,11:00,POS-2,C001,P002,COKE-12OZ,Coca-Cola 12oz,Beverage,2,24.42,48.84,Card
T1184,2024-05-12 11:29:20,2024-05-12,11:00,POS-2,C003,P011,DORITOS,Doritos Nacho Cheese,Snacks,1,44.82,44.82,Card
T1184,2024-05-12 11:29:20,2024-05-12,11:00,POS-2,C001,P027,FROZEN-PIZZA,Frozen Pizza,Frozen,1,3.48,3.48,Card
T1184,2024-05-12 11:29:20,2024-05-12,11:00,POS-1,C002,P015,ORANGE-JUICE,Orange Juice,Beverage,3,4.16,12.48,EBT
T1187,2024-05-12 11:41:28,2024-05-12,11:00,POS-1,C001,P002,COKE-12OZ,Coca-Cola 12oz,Beverage,1,24.42,24.42,EBT
T1187,2024-05-12 11:41:28,2024-05-12,11:00,POS-1,C003,P034,ADVIL,Pain Reliever,Pharmacy,1,5.77,5.77,EBT
T1181,2024-05-12 11:59:26,2024-05-12,11:00,POS-1,C002,P005,MILK-GAL,Milk Gallon,Dairy,1,4.49,4.49,Card
T1162,2024-05-12 13:04:40,2024-05-12,13:00,POS-2,C003,P013,WATER-24PK,Bottled Water 24pk,Beverage,3,17.29,51.87,Apple Pay
T1169,2024-05-12 14:14:24,2024-05-12,14:00,POS-1,C002,P026,ICECREAM,Ice Cream Pint,Frozen,1,8.55,8.55,Apple Pay
T1165,2024-05-12 14:20:53,2024-05-12,14:00,POS-2,C003,P010,CHOC-BAR,Chocolate Bar,Candy,2,27.61,55.22,Card
T1165,2024-05-12 14:20:53,2024-05-12,14:00,POS-1,C003,P020,SUGAR,Sugar 4lb,Grocery,1,5.28,5.28,EBT
T1165,2024-05-12 14:20:53,2024-05-12,14:00,POS-1,C001,P019,COFFEE-CAN,Ground Coffee,Grocery,1,5.00,5.00,EBT
T1166,2024-05-12 14:27:12,2024-05-12,14:00,POS-1,C003,P035,BATTERY-AA,AA Batteries,Electronics,1,33.84,33.84,Apple Pay
T1166,2024-05-12 14:27:12,2024-05-12,14:00,POS-1,C002,P008,BREAD-WHT,White Bread,Grocery,1,3.30,3.30,Cash
T1168,2024-05-12 14:28:00,2024-05-12,14:00,POS-2,C003,P025,TUNA,Tuna Can,Grocery,1,11.46,11.46,Cash
T1163,2024-05-12 14:31:20,2024-05-12,14:00,POS-1,C003,P035,BATTERY-AA,AA Batteries,Electronics,3,33.84,101.52,EBT
T1174,2024-05-12 14:40:45,2024-05-12,14:00,POS-2,C001,P015,ORANGE-JUICE,Orange Juice,Beverage,1,4.16,4.16,Apple Pay
T1174,2024-05-12 14:40:45,2024-05-12,14:00,POS-1,C001,P013,WATER-24PK,Bottled Water 24pk,Beverage,1,17.29,17.29,Apple Pay
T1174,2024-05-12 14:40:45,2024-05-12,14:00,POS-1,C002,P022,PASTA,Pasta Box,Grocery,2,6.70,13.40,EBT
T1174,2024-05-12 14:40:45,2024-05-12,14:00,POS-1,C001,P019,COFFEE-CAN,Ground Coffee,Grocery,3,5.00,15.00,Cash
T1185,2024-05-12 14:43:19,2024-05-12,14:00,POS-1,C001,P031,PAPER-TOWEL,Paper Towels,Household,2,7.15,14.30,EBT
T1185,2024-05-12 14:43:19,2024-05-12,14:00,POS-1,C001,P003,EGG-12CT,Eggs 12ct,Grocery,1,37.39,37.39,Card
T1185,2024-05-12 14:43:19,2024-05-12,14:00,POS-1,C001,P038,ALMONDS,Blue Diamond Almonds,Snacks,1,25.38,25.38,Cash
T1190,2024-05-12 14:50:31,2024-05-12,14:00,POS-1,C002,P037,CEREAL,Cereal Box,Grocery,1,7.72,7.72,Cash
T1190,2024-05-12 14:50:31,2024-05-12,14:00,POS-2,C001,P017,BUTTER,Butter Sticks,Dairy,1,42.18,42.18,EBT
T1190,2024-05-12 14:50:31,2024-05-12,14:00,POS-2,C003,P012,LAY-CLASSIC,Lay's Classic Chips,Snacks,2,18.81,37.62,Cash
T1173,2024-05-12 15:00:23,2024-05-12,15:00,POS-1,C002,P002,COKE-12OZ,Coca-Cola 12oz,Beverage,1,24.42,24.42,Card
T1173,2024-05-12 15:00:23,2024-05-12,15:00,POS-1,C001,P034,ADVIL,Pain Reliever,Pharmacy,1,5.77,5.77,Apple Pay
T1173,2024-05-12 15:00:23,2024-05-12,15:00,POS-1,C001,P019,COFFEE-CAN,Ground Coffee,Grocery,1,5.00,5.00,EBT
T1180,2024-05-12 15:00:23,2024-05-12,15:00,POS-1,C002,P008,BREAD-WHT,White Bread,Grocery,3,3.30,9.90,Apple Pay
T1180,2024-05-12 15:00:23,2024-05-12,15:00,POS-2,C001,P029,BACON,Bacon Pack,Meat,2,2.13,4.26,Cash
T1171,2024-05-12 15:09:58,2024-05-12,15:00,POS-1,C003,P022,PASTA,Pasta Box,Grocery,1,6.70,6.70,EBT
T1171,2024-05-12 15:09:58,2024-05-12,15:00,POS-2,C002,P015,ORANGE-JUICE,Orange Juice,Beverage,1,4.16,4.16,Cash
T1171,2024-05-12 15:09:58,2024-05-12,15:00,POS-2,C003,P004,SBUX-FRAP,Starbucks Frappuccino,Beverage,1,42.69,42.69,Card
T1171,2024-05-12 15:09:58,2024-05-12,15:00,POS-2,C003,P036,ENERGY-BAR,Protein Bar,Candy,1,42.75,42.75,Card
T1183,2024-05-12 15:32:08,2024-05-12,15:00,POS-2,C002,P001,RB-24CT,Red Bull 24ct,Energy Drink,1,44.81,44.81,Apple Pay
T1183,2024-05-12 15:32:08,2024-05-12,15:00,POS-2,C002,P019,COFFEE-CAN,Ground Coffee,Grocery,2,5.00,10.00,EBT
T1183,2024-05-12 15:32:08,2024-05-12,15:00,POS-1,C001,P015,ORANGE-JUICE,Orange Juice,Beverage,1,4.16,4.16,Cash
T1183,2024-05-12 15:32:08,2024-05-12,15:00,POS-1,C001,P038,ALMONDS,Blue Diamond Almonds,Snacks,1,25.38,25.38,Card
T1160,2024-05-12 15:34:17,2024-05-12,15:00,POS-2,C003,P009,BANANA-LB,Bananas,Produce,1,4.18,4.18,Card
T1160,2024-05-12 15:34:17,2024-05-12,15:00,POS-2,C001,P025,TUNA,Tuna Can,Grocery,1,11.46,11.46,Apple Pay
T1164,2024-05-12 15:44:22,2024-05-12,15:00,POS-1,C002,P029,BACON,Bacon Pack,Meat,2,2.13,4.26,Cash
T1192,2024-05-12 15:51:47,2024-05-12,15:00,POS-1,C003,P037,CEREAL,Cereal Box,Grocery,2,7.72,15.44,Cash
T1192,2024-05-12 15:51:47,2024-05-12,15:00,POS-2,C001,P001,RB-24CT,Red Bull 24ct,Energy Drink,2,44.81,89.62,EBT
T1192,2024-05-12 15:51:47,2024-05-12,15:00,POS-1,C001,P025,TUNA,Tuna Can,Grocery,1,11.46,11.46,Cash
T1176,2024-05-12 17:01:21,2024-05-12,17:00,POS-2,C002,P006,KETTLE-CHIPS,Kettle Chips Sea Salt,Snacks,1,2.49,2.49,Apple Pay
T1176,2024-05-12 17:01:21,2024-05-12,17:00,POS-2,C003,P001,RB-24CT,Red Bull 24ct,Energy Drink,1,44.81,44.81,Cash
T1176,2024-05-12 17:01:21,2024-05-12,17:00,POS-1,C002,P025,TUNA,Tuna Can,Grocery,1,11.46,11.46,Card
T1176,2024-05-12 17:01:21,2024-05-12,17:00,POS-1,C001,P020,SUGAR,Sugar 4lb,Grocery,2,5.28,10.56,Card
T1182,2024-05-12 17:24:54,2024-05-12,17:00,POS-1,C001,P002,COKE-12OZ,Coca-Cola 12oz,Beverage,2,24.42,48.84,Apple Pay
T1182,2024-05-12 17:24:54,2024-05-12,17:00,POS-1,C001,P018,CHEESE,Cheddar Cheese Block,Dairy,1,10.18,10.18,EBT
T1182,2024-05-12 17:24:54,2024-05-12,17:00,POS-2,C002,P005,MILK-GAL,Milk Gallon,Dairy,3,4.49,13.47,Card
T1179,2024-05-12 18:02:25,2024-05-12,18:00,POS-2,C002,P035,BATTERY-AA,AA Batteries,Electronics,1,33.84,33.84,Card
T1161,2024-05-12 18:08:44,2024-05-12,18:00,POS-2,C002,P005,MILK-GAL,Milk Gallon,Dairy,1,4.49,4.49,Cash
T1161,2024-05-12 18:08:44,2024-05-12,18:00,POS-2,C003,P025,TUNA,Tuna Can,Grocery,2,11.46,22.92,EBT
T1186,2024-05-12 18:23:43,2024-05-12,18:00,POS-1,C001,P021,RICE,Jasmine Rice 5lb,Grocery,1,1.17,1.17,Card
T1188,2024-05-12 18:25:31,2024-05-12,18:00,POS-1,C002,P012,LAY-CLASSIC,Lay's Classic Chips,Snacks,2,18.81,37.62,Cash
T1172,2024-05-12 18:42:56,2024-05-12,18:00,POS-2,C003,P003,EGG-12CT,Eggs 12ct,Grocery,2,37.39,74.78,Card
T1172,2024-05-12 18:42:56,2024-05-12,18:00,POS-2,C002,P021,RICE,Jasmine Rice 5lb,Grocery,1,1.17,1.17,Card
T1172,2024-05-12 18:42:56,2024-05-12,18:00,POS-2,C003,P003,EGG-12CT,Eggs 12ct,Grocery,1,37.39,37.39,Card
T1170,2024-05-12 19:08:24,2024-05-12,19:00,POS-1,C003,P022,PASTA,Pasta Box,Grocery,1,6.70,6.70,Cash
T1170,2024-05-12 19:08:24,2024-05-12,19:00,POS-2,C003,P024,SOUP,Chicken Soup Can,Grocery,2,3.37,6.74,Cash
T1189,2024-05-12 19:17:17,2024-05-12,19:00,POS-2,C002,P035,BATTERY-AA,AA Batteries,Electronics,1,33.84,33.84,EBT
T1189,2024-05-12 19:17:17,2024-05-12,19:00,POS-1,C002,P001,RB-24CT,Red Bull 24ct,Energy Drink,1,44.81,44.81,EBT
T1189,2024-05-12 19:17:17,2024-05-12,19:00,POS-2,C001,P022,PASTA,Pasta Box,Grocery,1,6.70,6.70,Cash
T1189,2024-05-12 19:17:17,2024-05-12,19:00,POS-1,C002,P005,MILK-GAL,Milk Gallon,Dairy,3,4.49,13.47,Apple Pay
T1178,2024-05-12 19:20:17,2024-05-12,19:00,POS-1,C001,P020,SUGAR,Sugar 4lb,Grocery,1,5.28,5.28,Cash
T1191,2024-05-12 21:06:15,2024-05-12,21:00,POS-1,C001,P005,MILK-GAL,Milk Gallon,Dairy,3,4.49,13.47,EBT
T1191,2024-05-12 21:06:15,2024-05-12,21:00,POS-1,C001,P031,PAPER-TOWEL,Paper Towels,Household,1,7.15,7.15,Cash
T1224,2024-05-13 08:14:46,2024-05-13,08:00,POS-1,C001,P004,SBUX-FRAP,Starbucks Frappuccino,Beverage,2,42.69,85.38,Apple Pay
T1224,2024-05-13 08:14:46,2024-05-13,08:00,POS-1,C002,P001,RB-24CT,Red Bull 24ct,Energy Drink,3,44.81,134.43,Apple Pay
T1193,2024-05-13 08:30:00,2024-05-13,08:00,POS-1,C002,P037,CEREAL,Cereal Box,Grocery,3,7.72,23.16,Card
T1193,2024-05-13 08:30:00,2024-05-13,08:00,POS-1,C003,P003,EGG-12CT,Eggs 12ct,Grocery,1,37.39,37.39,Cash
T1193,2024-05-13 08:30:00,2024-05-13,08:00,POS-2,C001,P002,COKE-12OZ,Coca-Cola 12oz,Beverage,1,24.42,24.42,Apple Pay
T1203,2024-05-13 09:28:29,2024-05-13,09:00,POS-1,C001,P005,MILK-GAL,Milk Gallon,Dairy,3,4.49,13.47,Apple Pay
T1203,2024-05-13 09:28:29,2024-05-13,09:00,POS-2,C003,P005,MILK-GAL,Milk Gallon,Dairy,2,4.49,8.98,Cash
T1203,2024-05-13 09:28:29,2024-05-13,09:00,POS-1,C002,P001,RB-24CT,Red Bull 24ct,Energy Drink,2,44.81,89.62,EBT
T1207,2024-05-13 11:36:37,2024-05-13,11:00,POS-1,C002,P037,CEREAL,Cereal Box,Grocery,2,7.72,15.44,Apple Pay
T1230,2024-05-13 12:03:06,2024-05-13,12:00,POS-2,C002,P035,BATTERY-AA,AA Batteries,Electronics,1,33.84,33.84,Card
T1230,2024-05-13 12:03:06,2024-05-13,12:00,POS-1,C001,P034,ADVIL,Pain Reliever,Pharmacy,1,5.77,5.77,Cash
T1213,2024-05-13 12:38:51,2024-05-13,12:00,POS-2,C002,P025,TUNA,Tuna Can,Grocery,2,11.46,22.92,Apple Pay
T1213,2024-05-13 12:38:51,2024-05-13,12:00,POS-2,C002,P025,TUNA,Tuna Can,Grocery,1,11.46,11.46,EBT
T1213,2024-05-13 12:38:51,2024-05-13,12:00,POS-1,C001,P006,KETTLE-CHIPS,Kettle Chips Sea Salt,Snacks,2,2.49,4.98,Apple Pay
T1220,2024-05-13 12:48:49,2024-05-13,12:00,POS-1,C003,P020,SUGAR,Sugar 4lb,Grocery,1,5.28,5.28,EBT
T1220,2024-05-13 12:48:49,2024-05-13,12:00,POS-2,C002,P003,EGG-12CT,Eggs 12ct,Grocery,3,37.39,112.17,EBT
T1210,2024-05-13 12:52:26,2024-05-13,12:00,POS-1,C002,P027,FROZEN-PIZZA,Frozen Pizza,Frozen,1,3.48,3.48,EBT
T1210,2024-05-13 12:52:26,2024-05-13,12:00,POS-1,C001,P034,ADVIL,Pain Reliever,Pharmacy,1,5.77,5.77,Cash
T1210,2024-05-13 12:52:26,2024-05-13,12:00,POS-1,C001,P032,TOILET-PAPER,Toilet Paper 12pk,Household,1,18.40,18.40,Card
T1210,2024-05-13 12:52:26,2024-05-13,12:00,POS-1,C002,P017,BUTTER,Butter Sticks,Dairy,2,42.18,84.36,Cash
T1211,2024-05-13 12:52:29,2024-05-13,12:00,POS-2,C001,P022,PASTA,Pasta Box,Grocery,2,6.70,13.40,EBT
T1211,2024-05-13 12:52:29,2024-05-13,12:00,POS-2,C002,P002,COKE-12OZ,Coca-Cola 12oz,Beverage,2,24.42,48.84,Cash
T1211,2024-05-13 12:52:29,2024-05-13,12:00,POS-1,C002,P001,RB-24CT,Red Bull 24ct,Energy Drink,1,44.81,44.81,Card
T1211,2024-05-13 12:52:29,2024-05-13,12:00,POS-1,C001,P011,DORITOS,Doritos Nacho Cheese,Snacks,2,44.82,89.64,Cash
T1205,2024-05-13 12:52:40,2024-05-13,12:00,POS-1,C001,P034,ADVIL,Pain Reliever,Pharmacy,3,5.77,17.31,EBT
T1205,2024-05-13 12:52:40,2024-05-13,12:00,POS-2,C003,P005,MILK-GAL,Milk Gallon,Dairy,2,4.49,8.98,Apple Pay
T1228,2024-05-13 13:00:00,2024-05-13,13:00,POS-2,C001,P037,CEREAL,Cereal Box,Grocery,2,7.72,15.44,Card
T1216,2024-05-13 13:02:37,2024-05-13,13:00,POS-2,C003,P011,DORITOS,Doritos Nacho Cheese,Snacks,3,44.82,134.46,Apple Pay
T1216,2024-05-13 13:02:37,2024-05-13,13:00,POS-2,C001,P025,TUNA,Tuna Can,Grocery,2,11.46,22.92,Cash
T1223,2024-05-13 13:06:24,2024-05-13,13:00,POS-2,C003,P003,EGG-12CT,Eggs 12ct,Grocery,1,37.39,37.39,Apple Pay
T1223,2024-05-13 13:06:24,2024-05-13,13:00,POS-1,C002,P033,TRASH-BAGS,Trash Bags,Household,2,3.67,7.34,EBT
T1223,2024-05-13 13:06:24,2024-05-13,13:00,POS-1,C001,P008,BREAD-WHT,White Bread,Grocery,1,3.30,3.30,EBT
T1217,2024-05-13 13:30:08,2024-05-13,13:00,POS-2,C003,P026,ICECREAM,Ice Cream Pint,Frozen,3,8.55,25.65,Card
T1217,2024-05-13 13:30:08,2024-05-13,13:00,POS-2,C001,P019,COFFEE-CAN,Ground Coffee,Grocery,1,5.00,5.00,Apple Pay
T1217,2024-05-13 13:30:08,2024-05-13,13:00,POS-2,C002,P037,CEREAL,Cereal Box,Grocery,2,7.72,15.44,Apple Pay
T1202,2024-05-13 13:42:40,2024-05-13,13:00,POS-2,C001,P003,EGG-12CT,Eggs 12ct,Grocery,1,37.39,37.39,Apple Pay
T1202,2024-05-13 13:42:40,2024-05-13,13:00,POS-2,C002,P001,RB-24CT,Red Bull 24ct,Energy Drink,2,44.81,89.62,Apple Pay
T1202,2024-05-13 13:42:40,2024-05-13,13:00,POS-2,C001,P003,EGG-12CT,Eggs 12ct,Grocery,1,37.39,37.39,Apple Pay
T1202,2024-05-13 13:42:40,2024-05-13,13:00,POS-2,C001,P008,BREAD-WHT,White Bread,Grocery,2,3.30,6.60,EBT
T1226,2024-05-13 14:24:07,2024-05-13,14:00,POS-1,C002,P016,YOGURT,Greek Yogurt Cup,Dairy,3,26.09,78.27,EBT
T1226,2024-05-13 14:24:07,2024-05-13,14:00,POS-1,C003,P003,EGG-12CT,Eggs 12ct,Grocery,3,37.39,112.17,Apple Pay
T1226,2024-05-13 14:24:07,2024-05-13,14:00,POS-1,C002,P025,TUNA,Tuna Can,Grocery,2,11.46,22.92,Card
T1199,2024-05-13 14:24:22,2024-05-13,14:00,POS-1,C001,P002,COKE-12OZ,Coca-Cola 12oz,Beverage,3,24.42,73.26,EBT
T1199,2024-05-13 14:24:22,2024-05-13,14:00,POS-1,C002,P016,YOGURT,Greek Yogurt Cup,Dairy,1,26.09,26.09,Card
T1199,2024-05-13 14:24:22,2024-05-13,14:00,POS-2,C001,P034,ADVIL,Pain Reliever,Pharmacy,1,5.77,5.77,Card
T1199,2024-05-13 14:24:22,2024-05-13,14:00,POS-1,C002,P023,SAUCE,Tomato Sauce Jar,Grocery,1,8.57,8.57,Cash
T1227,2024-05-13 14:39:07,2024-05-13,14:00,POS-2,C003,P002,COKE-12OZ,Coca-Cola 12oz,Beverage,1,24.42,24.42,Cash
T1227,2024-05-13 14:39:07,2024-05-13,14:00,POS-2,C002,P002,COKE-12OZ,Coca-Cola 12oz,Beverage,1,24.42,24.42,Cash
T1227,2024-05-13 14:39:07,2024-05-13,14:00,POS-2,C001,P003,EGG-12CT,Eggs 12ct,Grocery,1,37.39,37.39,EBT
T1201,2024-05-13 14:41:10,2024-05-13,14:00,POS-2,C003,P003,EGG-12CT,Eggs 12ct,Grocery,3,37.39,112.17,Apple Pay
T1201,2024-05-13 14:41:10,2024-05-13,14:00,POS-1,C001,P002,COKE-12OZ,Coca-Cola 12oz,Beverage,1,24.42,24.42,Card
T1201,2024-05-13 14:41:10,2024-05-13,14:00,POS-2,C001,P003,EGG-12CT,Eggs 12ct,Grocery,2,37.39,74.78,Card
T1201,2024-05-13 14:41:10,2024-05-13,14:00,POS-1,C002,P003,EGG-12CT,Eggs 12ct,Grocery,1,37.39,37.39,Card
T1219,2024-05-13 14:55:43,2024-05-13,14:00,POS-2,C002,P018,CHEESE,Cheddar Cheese Block,Dairy,1,10.18,10.18,EBT
T1219,2024-05-13 14:55:43,2024-05-13,14:00,POS-2,C003,P014,GATORADE,Gatorade 20oz,Beverage,1,30.95,30.95,Cash
T1219,2024-05-13 14:55:43,2024-05-13,14:00,POS-2,C002,P035,BATTERY-AA,AA Batteries,Electronics,1,33.84,33.84,Cash
T1219,2024-05-13 14:55:43,2024-05-13,14:00,POS-1,C001,P003,EGG-12CT,Eggs 12ct,Grocery,1,37.39,37.39,EBT
T1218,2024-05-13 15:29:54,2024-05-13,15:00,POS-1,C002,P016,YOGURT,Greek Yogurt Cup,Dairy,3,26.09,78.27,Cash
T1214,2024-05-13 15:38:38,2024-05-13,15:00,POS-2,C002,P008,BREAD-WHT,White Bread,Grocery,1,3.30,3.30,Apple Pay
T1214,2024-05-13 15:38:38,2024-05-13,15:00,POS-2,C001,P002,COKE-12OZ,Coca-Cola 12oz,Beverage,3,24.42,73.26,Cash
T1214,2024-05-13 15:38:38,2024-05-13,15:00,POS-1,C001,P001,RB-24CT,Red Bull 24ct,Energy Drink,2,44.81,89.62,EBT
T1231,2024-05-13 16:10:21,2024-05-13,16:00,POS-1,C002,P035,BATTERY-AA,AA Batteries,Electronics,3,33.84,101.52,Apple Pay
T1231,2024-05-13 16:10:21,2024-05-13,16:00,POS-1,C002,P038,ALMONDS,Blue Diamond Almonds,Snacks,1,25.38,25.38,EBT
T1231,2024-05-13 16:10:21,2024-05-13,16:00,POS-2,C002,P005,MILK-GAL,Milk Gallon,Dairy,2,4.49,8.98,EBT
T1194,2024-05-13 16:42:25,2024-05-13,16:00,POS-1,C001,P010,CHOC-BAR,Chocolate Bar,Candy,1,27.61,27.61,EBT
T1215,2024-05-13 16:43:08,2024-05-13,16:00,POS-2,C002,P023,SAUCE,Tomato Sauce Jar,Grocery,1,8.57,8.57,EBT
T1229,2024-05-13 17:04:46,2024-05-13,17:00,POS-1,C002,P036,ENERGY-BAR,Protein Bar,Candy,3,42.75,128.25,Apple Pay
T1195,2024-05-13 17:31:41,2024-05-13,17:00,POS-2,C001,P003,EGG-12CT,Eggs 12ct,Grocery,2,37.39,74.78,Cash
T1195,2024-05-13 17:31:41,2024-05-13,17:00,POS-2,C003,P038,ALMONDS,Blue Diamond Almonds,Snacks,2,25.38,50.76,Apple Pay
T1195,2024-05-13 17:31:41,2024-05-13,17:00,POS-1,C003,P025,TUNA,Tuna Can,Grocery,1,11.46,11.46,Card
T1222,2024-05-13 17:33:12,2024-05-13,17:00,POS-1,C001,P024,SOUP,Chicken Soup Can,Grocery,3,3.37,10.11,Apple Pay
T1200,2024-05-13 17:35:57,2024-05-13,17:00,POS-2,C003,P010,CHOC-BAR,Chocolate Bar,Candy,2,27.61,55.22,Card
T1225,2024-05-13 17:39:03,2024-05-13,17:00,POS-1,C001,P023,SAUCE,Tomato Sauce Jar,Grocery,3,8.57,25.71,Card
T1206,2024-05-13 18:33:29,2024-05-13,18:00,POS-2,C001,P029,BACON,Bacon Pack,Meat,2,2.13,4.26,EBT
T1212,2024-05-13 18:41:14,2024-05-13,18:00,POS-1,C002,P005,MILK-GAL,Milk Gallon,Dairy,1,4.49,4.49,Cash
T1212,2024-05-13 18:41:14,2024-05-13,18:00,POS-1,C003,P014,GATORADE,Gatorade 20oz,Beverage,3,30.95,92.85,Card
T1198,2024-05-13 18:42:40,2024-05-13,18:00,POS-2,C002,P015,ORANGE-JUICE,Orange Juice,Beverage,1,4.16,4.16,Card
T1198,2024-05-13 18:42:40,2024-05-13,18:00,POS-1,C001,P005,MILK-GAL,Milk Gallon,Dairy,3,4.49,13.47,EBT
T1198,2024-05-13 18:42:40,2024-05-13,18:00,POS-2,C001,P005,MILK-GAL,Milk Gallon,Dairy,2,4.49,8.98,EBT
T1209,2024-05-13 18:43:06,2024-05-13,18:00,POS-2,C002,P002,COKE-12OZ,Coca-Cola 12oz,Beverage,2,24.42,48.84,EBT
T1209,2024-05-13 18:43:06,2024-05-13,18:00,POS-1,C001,P040,TEA-BOTTLE,Iced Tea Bottle,Beverage,2,23.35,46.70,EBT
T1208,2024-05-13 19:16:24,2024-05-13,19:00,POS-2,C001,P020,SUGAR,Sugar 4lb,Grocery,2,5.28,10.56,EBT
T1208,2024-05-13 19:16:24,2024-05-13,19:00,POS-1,C001,P016,YOGURT,Greek Yogurt Cup,Dairy,1,26.09,26.09,EBT
T1208,2024-05-13 19:16:24,2024-05-13,19:00,POS-2,C001,P003,EGG-12CT,Eggs 12ct,Grocery,1,37.39,37.39,Apple Pay
T1208,2024-05-13 19:16:24,2024-05-13,19:00,POS-2,C002,P013,WATER-24PK,Bottled Water 24pk,Beverage,1,17.29,17.29,EBT
T1197,2024-05-13 20:09:21,2024-05-13,20:00,POS-1,C003,P005,MILK-GAL,Milk Gallon,Dairy,1,4.49,4.49,Card
T1196,2024-05-13 20:36:25,2024-05-13,20:00,POS-1,C003,P003,EGG-12CT,Eggs 12ct,Grocery,1,37.39,37.39,Card
T1221,2024-05-13 21:24:00,2024-05-13,21:00,POS-2,C001,P019,COFFEE-CAN,Ground Coffee,Grocery,3,5.00,15.00,Apple Pay
T1204,2024-05-13 21:43:55,2024-05-13,21:00,POS-1,C003,P020,SUGAR,Sugar 4lb,Grocery,3,5.28,15.84,Cash
T1204,2024-05-13 21:43:55,2024-05-13,21:00,POS-2,C001,P005,MILK-GAL,Milk Gallon,Dairy,1,4.49,4.49,Cash
T1204,2024-05-13 21:43:55,2024-05-13,21:00,POS-1,C001,P008,BREAD-WHT,White Bread,Grocery,1,3.30,3.30,Card
T1204,2024-05-13 21:43:55,2024-05-13,21:00,POS-1,C003,P012,LAY-CLASSIC,Lay's Classic Chips,Snacks,2,18.81,37.62,EBT
T1236,2024-05-14 10:31:20,2024-05-14,10:00,POS-1,C003,P010,CHOC-BAR,Chocolate Bar,Candy,2,27.61,55.22,EBT
T1236,2024-05-14 10:31:20,2024-05-14,10:00,POS-1,C001,P007,SPARK-WATER,Sparkling Water Variety Pack,Beverage,2,5.99,11.98,EBT
T1276,2024-05-14 10:32:25,2024-05-14,10:00,POS-1,C002,P030,SOAP,Dish Soap,Household,1,12.33,12.33,Card
T1276,2024-05-14 10:32:25,2024-05-14,10:00,POS-1,C002,P022,PASTA,Pasta Box,Grocery,1,6.70,6.70,EBT
T1276,2024-05-14 10:32:25,2024-05-14,10:00,POS-1,C002,P025,TUNA,Tuna Can,Grocery,1,11.46,11.46,Cash
T1247,2024-05-14 11:11:47,2024-05-14,11:00,POS-2,C003,P012,LAY-CLASSIC,Lay's Classic Chips,Snacks,2,18.81,37.62,Apple Pay
T1262,2024-05-14 11:32:32,2024-05-14,11:00,POS-1,C003,P012,LAY-CLASSIC,Lay's Classic Chips,Snacks,2,18.81,37.62,Cash
T1248,2024-05-14 11:37:54,2024-05-14,11:00,POS-1,C002,P001,RB-24CT,Red Bull 24ct,Energy Drink,1,44.81,44.81,Card
T1248,2024-05-14 11:37:54,2024-05-14,11:00,POS-2,C002,P016,YOGURT,Greek Yogurt Cup,Dairy,3,26.09,78.27,Apple Pay
T1248,2024-05-14 11:37:54,2024-05-14,11:00,POS-2,C003,P037,CEREAL,Cereal Box,Grocery,1,7.72,7.72,Cash
T1258,2024-05-14 11:41:15,2024-05-14,11:00,POS-1,C002,P008,BREAD-WHT,White Bread,Grocery,1,3.30,3.30,EBT
T1271,2024-05-14 11:57:39,2024-05-14,11:00,POS-1,C001,P035,BATTERY-AA,AA Batteries,Electronics,2,33.84,67.68,EBT
T1264,2024-05-14 12:31:14,2024-05-14,12:00,POS-1,C003,P005,MILK-GAL,Milk Gallon,Dairy,1,4.49,4.49,Cash
T1256,2024-05-14 12:57:41,2024-05-14,12:00,POS-1,C001,P003,EGG-12CT,Eggs 12ct,Grocery,1,37.39,37.39,Cash
T1256,2024-05-14 12:57:41,2024-05-14,12:00,POS-1,C003,P004,SBUX-FRAP,Starbucks Frappuccino,Beverage,3,42.69,128.07,EBT
T1273,2024-05-14 13:02:44,2024-05-14,13:00,POS-1,C002,P005,MILK-GAL,Milk Gallon,Dairy,2,4.49,8.98,Cash
T1273,2024-05-14 13:02:44,2024-05-14,13:00,POS-2,C001,P030,SOAP,Dish Soap,Household,1,12.33,12.33,Card
T1273,2024-05-14 13:02:44,2024-05-14,13:00,POS-2,C002,P029,BACON,Bacon Pack,Meat,1,2.13,2.13,Cash
T1273,2024-05-14 13:02:44,2024-05-14,13:00,POS-1,C003,P012,LAY-CLASSIC,Lay's Classic Chips,Snacks,1,18.81,18.81,Card
T1245,2024-05-14 13:28:06,2024-05-14,13:00,POS-2,C003,P026,ICECREAM,Ice Cream Pint,Frozen,1,8.55,8.55,Card
T1245,2024-05-14 13:28:06,2024-05-14,13:00,POS-2,C002,P019,COFFEE-CAN,Ground Coffee,Grocery,2,5.00,10.00,Apple Pay
T1254,2024-05-14 13:32:06,2024-05-14,13:00,POS-2,C002,P029,BACON,Bacon Pack,Meat,2,2.13,4.26,Card
T1254,2024-05-14 13:32:06,2024-05-14,13:00,POS-1,C003,P008,BREAD-WHT,White Bread,Grocery,2,3.30,6.60,Cash
T1254,2024-05-14 13:32:06,2024-05-14,13:00,POS-2,C003,P002,COKE-12OZ,Coca-Cola 12oz,Beverage,1,24.42,24.42,Apple Pay
T1267,2024-05-14 13:45:52,2024-05-14,13:00,POS-2,C003,P023,SAUCE,Tomato Sauce Jar,Grocery,2,8.57,17.14,Card
T1250,2024-05-14 13:48:39,2024-05-14,13:00,POS-2,C002,P040,TEA-BOTTLE,Iced Tea Bottle,Beverage,3,23.35,70.05,Cash
T1250,2024-05-14 13:48:39,2024-05-14,13:00,POS-1,C001,P033,TRASH-BAGS,Trash Bags,Household,3,3.67,11.01,Apple Pay
T1250,2024-05-14 13:48:39,2024-05-14,13:00,POS-1,C002,P040,TEA-BOTTLE,Iced Tea Bottle,Beverage,2,23.35,46.70,Apple Pay
T1250,2024-05-14 13:48:39,2024-05-14,13:00,POS-2,C001,P001,RB-24CT,Red Bull 24ct,Energy Drink,2,44.81,89.62,Apple Pay
T1242,2024-05-14 14:08:08,2024-05-14,14:00,POS-2,C003,P021,RICE,Jasmine Rice 5lb,Grocery,2,1.17,2.34,Cash
T1242,2024-05-14 14:08:08,2024-05-14,14:00,POS-1,C003,P035,BATTERY-AA,AA Batteries,Electronics,1,33.84,33.84,Apple Pay
T1242,2024-05-14 14:08:08,2024-05-14,14:00,POS-2,C003,P017,BUTTER,Butter Sticks,Dairy,3,42.18,126.54,Cash
T1242,2024-05-14 14:08:08,2024-05-14,14:00,POS-1,C003,P034,ADVIL,Pain Reliever,Pharmacy,3,5.77,17.31,Apple Pay
T1266,2024-05-14 14:22:52,2024-05-14,14:00,POS-1,C002,P016,YOGURT,Greek Yogurt Cup,Dairy,2,26.09,52.18,Cash
T1266,2024-05-14 14:22:52,2024-05-14,14:00,POS-1,C003,P016,YOGURT,Greek Yogurt Cup,Dairy,1,26.09,26.09,Apple Pay
T1266,2024-05-14 14:22:52,2024-05-14,14:00,POS-1,C001,P021,RICE,Jasmine Rice 5lb,Grocery,1,1.17,1.17,Cash
T1274,2024-05-14 14:24:41,2024-05-14,14:00,POS-1,C001,P025,TUNA,Tuna Can,Grocery,1,11.46,11.46,EBT
T1274,2024-05-14 14:24:41,2024-05-14,14:00,POS-2,C002,P008,BREAD-WHT,White Bread,Grocery,3,3.30,9.90,EBT
T1268,2024-05-14 14:30:30,2024-05-14,14:00,POS-1,C001,P021,RICE,Jasmine Rice 5lb,Grocery,2,1.17,2.34,Card
T1268,2024-05-14 14:30:30,2024-05-14,14:00,POS-1,C001,P023,SAUCE,Tomato Sauce Jar,Grocery,1,8.57,8.57,Card
T1251,2024-05-14 14:32:28,2024-05-14,14:00,POS-1,C003,P001,RB-24CT,Red Bull 24ct,Energy Drink,1,44.81,44.81,Card
T1251,2024-05-14 14:32:28,2024-05-14,14:00,POS-1,C001,P036,ENERGY-BAR,Protein Bar,Candy,3,42.75,128.25,Cash
T1251,2024-05-14 14:32:28,2024-05-14,14:00,POS-2,C001,P003,EGG-12CT,Eggs 12ct,Grocery,3,37.39,112.17,Cash
T1251,2024-05-14 14:32:28,2024-05-14,14:00,POS-2,C003,P017,BUTTER,Butter Sticks,Dairy,2,42.18,84.36,Card
T1237,2024-05-14 14:36:28,2024-05-14,14:00,POS-2,C001,P034,ADVIL,Pain Reliever,Pharmacy,2,5.77,11.54,EBT
T1233,2024-05-14 14:37:30,2024-05-14,14:00,POS-1,C002,P003,EGG-12CT,Eggs 12ct,Grocery,3,37.39,112.17,EBT
T1233,2024-05-14 14:37:30,2024-05-14,14:00,POS-2,C002,P012,LAY-CLASSIC,Lay's Classic Chips,Snacks,1,18.81,18.81,Card
T1233,2024-05-14 14:37:30,2024-05-14,14:00,POS-2,C003,P011,DORITOS,Doritos Nacho Cheese,Snacks,1,44.82,44.82,Apple Pay
T1233,2024-05-14 14:37:30,2024-05-14,14:00,POS-1,C003,P001,RB-24CT,Red Bull 24ct,Energy Drink,1,44.81,44.81,Apple Pay
T1259,2024-05-14 14:39:42,2024-05-14,14:00,POS-2,C001,P025,TUNA,Tuna Can,Grocery,1,11.46,11.46,Card
T1259,2024-05-14 14:39:42,2024-05-14,14:00,POS-1,C001,P003,EGG-12CT,Eggs 12ct,Grocery,1,37.39,37.39,EBT
T1259,2024-05-14 14:39:42,2024-05-14,14:00,POS-2,C001,P019,COFFEE-CAN,Ground Coffee,Grocery,1,5.00,5.00,Apple Pay
T1234,2024-05-14 14:44:44,2024-05-14,14:00,POS-1,C002,P015,ORANGE-JUICE,Orange Juice,Beverage,3,4.16,12.48,Apple Pay
T1265,2024-05-14 14:50:23,2024-05-14,14:00,POS-1,C003,P016,YOGURT,Greek Yogurt Cup,Dairy,1,26.09,26.09,Apple Pay
T1265,2024-05-14 14:50:23,2024-05-14,14:00,POS-2,C003,P015,ORANGE-JUICE,Orange Juice,Beverage,3,4.16,12.48,Cash
T1265,2024-05-14 14:50:23,2024-05-14,14:00,POS-2,C002,P001,RB-24CT,Red Bull 24ct,Energy Drink,2,44.81,89.62,Card
T1265,2024-05-14 14:50:23,2024-05-14,14:00,POS-2,C002,P040,TEA-BOTTLE,Iced Tea Bottle,Beverage,2,23.35,46.70,Cash
T1240,2024-05-14 14:52:45,2024-05-14,14:00,POS-1,C002,P002,COKE-12OZ,Coca-Cola 12oz,Beverage,2,24.42,48.84,Cash
T1240,2024-05-14 14:52:45,2024-05-14,14:00,POS-2,C001,P022,PASTA,Pasta Box,Grocery,3,6.70,20.10,EBT
T1240,2024-05-14 14:52:45,2024-05-14,14:00,POS-1,C002,P003,EGG-12CT,Eggs 12ct,Grocery,1,37.39,37.39,EBT
T1240,2024-05-14 14:52:45,2024-05-14,14:00,POS-1,C002,P037,CEREAL,Cereal Box,Grocery,3,7.72,23.16,Card
T1241,2024-05-14 15:03:35,2024-05-14,15:00,POS-1,C003,P034,ADVIL,Pain Reliever,Pharmacy,1,5.77,5.77,Cash
T1241,2024-05-14 15:03:35,2024-05-14,15:00,POS-2,C003,P016,YOGURT,Greek Yogurt Cup,Dairy,1,26.09,26.09,Apple Pay
T1241,2024-05-14 15:03:35,2024-05-14,15:00,POS-2,C002,P017,BUTTER,Butter Sticks,Dairy,2,42.18,84.36,Cash
T1241,2024-05-14 15:03:35,2024-05-14,15:00,POS-2,C002,P037,CEREAL,Cereal Box,Grocery,1,7.72,7.72,Apple Pay
T1275,2024-05-14 15:39:17,2024-05-14,15:00,POS-2,C002,P027,FROZEN-PIZZA,Frozen Pizza,Frozen,1,3.48,3.48,Apple Pay
T1275,2024-05-14 15:39:17,2024-05-14,15:00,POS-2,C003,P014,GATORADE,Gatorade 20oz,Beverage,2,30.95,61.90,EBT
T1275,2024-05-14 15:39:17,2024-05-14,15:00,POS-1,C003,P029,BACON,Bacon Pack,Meat,3,2.13,6.39,Card
T1275,2024-05-14 15:39:17,2024-05-14,15:00,POS-1,C002,P016,YOGURT,Greek Yogurt Cup,Dairy,3,26.09,78.27,Cash
T1253,2024-05-14 15:41:46,2024-05-14,15:00,POS-1,C003,P027,FROZEN-PIZZA,Frozen Pizza,Frozen,2,3.48,6.96,Card
T1257,2024-05-14 16:04:18,2024-05-14,16:00,POS-2,C002,P005,MILK-GAL,Milk Gallon,Dairy,1,4.49,4.49,Apple Pay
T1239,2024-05-14 16:07:06,2024-05-14,16:00,POS-2,C003,P001,RB-24CT,Red Bull 24ct,Energy Drink,3,44.81,134.43,Apple Pay
T1239,2024-05-14 16:07:06,2024-05-14,16:00,POS-1,C001,P011,DORITOS,Doritos Nacho Cheese,Snacks,3,44.82,134.46,Cash
T1244,2024-05-14 16:09:53,2024-05-14,16:00,POS-1,C003,P025,TUNA,Tuna Can,Grocery,1,11.46,11.46,Card
T1235,2024-05-14 16:41:24,2024-05-14,16:00,POS-1,C001,P034,ADVIL,Pain Reliever,Pharmacy,2,5.77,11.54,Cash
T1235,2024-05-14 16:41:24,2024-05-14,16:00,POS-2,C002,P019,COFFEE-CAN,Ground Coffee,Grocery,2,5.00,10.00,Cash
T1243,2024-05-14 16:48:22,2024-05-14,16:00,POS-2,C002,P021,RICE,Jasmine Rice 5lb,Grocery,2,1.17,2.34,Card
T1243,2024-05-14 16:48:22,2024-05-14,16:00,POS-1,C001,P038,ALMONDS,Blue Diamond Almonds,Snacks,2,25.38,50.76,EBT
T1243,2024-05-14 16:48:22,2024-05-14,16:00,POS-1,C003,P025,TUNA,Tuna Can,Grocery,1,11.46,11.46,Card
T1243,2024-05-14 16:48:22,2024-05-14,16:00,POS-2,C001,P024,SOUP,Chicken Soup Can,Grocery,1,3.37,3.37,Apple Pay
T1232,2024-05-14 16:51:10,2024-05-14,16:00,POS-1,C001,P002,COKE-12OZ,Coca-Cola 12oz,Beverage,3,24.42,73.26,Card
T1272,2024-05-14 16:57:38,2024-05-14,16:00,POS-2,C003,P036,ENERGY-BAR,Protein Bar,Candy,3,42.75,128.25,EBT
T1238,2024-05-14 17:01:06,2024-05-14,17:00,POS-2,C003,P014,GATORADE,Gatorade 20oz,Beverage,2,30.95,61.90,Cash
T1238,2024-05-14 17:01:06,2024-05-14,17:00,POS-2,C002,P019,COFFEE-CAN,Ground Coffee,Grocery,3,5.00,15.00,Apple Pay
T1238,2024-05-14 17:01:06,2024-05-14,17:00,POS-1,C002,P001,RB-24CT,Red Bull 24ct,Energy Drink,1,44.81,44.81,Apple Pay
T1238,2024-05-14 17:01:06,2024-05-14,17:00,POS-2,C003,P002,COKE-12OZ,Coca-Cola 12oz,Beverage,2,24.42,48.84,Apple Pay
T1252,2024-05-14 17:09:01,2024-05-14,17:00,POS-1,C003,P026,ICECREAM,Ice Cream Pint,Frozen,1,8.55,8.55,Cash
T1252,2024-05-14 17:09:01,2024-05-14,17:00,POS-2,C002,P001,RB-24CT,Red Bull 24ct,Energy Drink,1,44.81,44.81,EBT
T1252,2024-05-14 17:09:01,2024-05-14,17:00,POS-2,C002,P001,RB-24CT,Red Bull 24ct,Energy Drink,3,44.81,134.43,Apple Pay
T1252,2024-05-14 17:09:01,2024-05-14,17:00,POS-2,C003,P003,EGG-12CT,Eggs 12ct,Grocery,1,37.39,37.39,Card
T1270,2024-05-14 18:10:14,2024-05-14,18:00,POS-2,C001,P021,RICE,Jasmine Rice 5lb,Grocery,3,1.17,3.51,Apple Pay
T1270,2024-05-14 18:10:14,2024-05-14,18:00,POS-1,C001,P029,BACON,Bacon Pack,Meat,2,2.13,4.26,EBT
T1270,2024-05-14 18:10:14,2024-05-14,18:00,POS-1,C001,P032,TOILET-PAPER,Toilet Paper 12pk,Household,2,18.40,36.80,Card
T1270,2024-05-14 18:10:14,2024-05-14,18:00,POS-2,C001,P003,EGG-12CT,Eggs 12ct,Grocery,1,37.39,37.39,Card
T1261,2024-05-14 18:37:25,2024-05-14,18:00,POS-2,C003,P037,CEREAL,Cereal Box,Grocery,2,7.72,15.44,Cash
T1261,2024-05-14 18:37:25,2024-05-14,18:00,POS-2,C001,P019,COFFEE-CAN,Ground Coffee,Grocery,1,5.00,5.00,Apple Pay
T1263,2024-05-14 18:51:39,2024-05-14,18:00,POS-1,C003,P027,FROZEN-PIZZA,Frozen Pizza,Frozen,1,3.48,3.48,Cash
T1263,2024-05-14 18:51:39,2024-05-14,18:00,POS-2,C002,P002,COKE-12OZ,Coca-Cola 12oz,Beverage,3,24.42,73.26,Card
T1269,2024-05-14 19:09:03,2024-05-14,19:00,POS-1,C003,P005,MILK-GAL,Milk Gallon,Dairy,2,4.49,8.98,Apple Pay
T1269,2024-05-14 19:09:03,2024-05-14,19:00,POS-1,C002,P003,EGG-12CT,Eggs 12ct,Grocery,1,37.39,37.39,EBT
T1260,2024-05-14 19:29:28,2024-05-14,19:00,POS-1,C002,P028,HOTDOG,Hot Dog Pack,Meat,3,8.92,26.76,Cash
T1260,2024-05-14 19:29:28,2024-05-14,19:00,POS-1,C002,P016,YOGURT,Greek Yogurt Cup,Dairy,2,26.09,52.18,Card
T1260,2024-05-14 19:29:28,2024-05-14,19:00,POS-1,C001,P002,COKE-12OZ,Coca-Cola 12oz,Beverage,3,24.42,73.26,Card
T1255,2024-05-14 20:09:19,2024-05-14,20:00,POS-1,C001,P038,ALMONDS,Blue Diamond Almonds,Snacks,1,25.38,25.38,Card
T1255,2024-05-14 20:09:19,2024-05-14,20:00,POS-2,C003,P001,RB-24CT,Red Bull 24ct,Energy Drink,2,44.81,89.62,Card
T1255,2024-05-14 20:09:19,2024-05-14,20:00,POS-1,C003,P035,BATTERY-AA,AA Batteries,Electronics,1,33.84,33.84,Apple Pay
T1249,2024-05-14 20:33:04,2024-05-14,20:00,POS-2,C001,P014,GATORADE,Gatorade 20oz,Beverage,1,30.95,30.95,Cash
T1249,2024-05-14 20:33:04,2024-05-14,20:00,POS-2,C002,P019,COFFEE-CAN,Ground Coffee,Grocery,3,5.00,15.00,Apple Pay
T1246,2024-05-14 21:03:00,2024-05-14,21:00,POS-1,C003,P003,EGG-12CT,Eggs 12ct,Grocery,2,37.39,74.78,Apple Pay
T1246,2024-05-14 21:03:00,2024-05-14,21:00,POS-1,C003,P035,BATTERY-AA,AA Batteries,Electronics,2,33.84,67.68,Cash
T1246,2024-05-14 21:03:00,2024-05-14,21:00,POS-2,C001,P034,ADVIL,Pain Reliever,Pharmacy,1,5.77,5.77,Card
